Workbook
Name BID_INPUT_ASSET_BROKER_47c6c907: 'Bid Sheet'!$X$12:$X$330
Name BID_INPUT_BIDDER_MONTHLY_MAXIMUM_CAPACITY_5c7305b9: 'Bid Sheet'!$R$12:$R$330
Name BID_INPUT_CARRIER_NOTES_0142724f: 'Bid Sheet'!$Z$12:$Z$330
Name BID_INPUT_LINEHAUL_COST_DROP_TRAILER_af32aa1e: 'Bid Sheet'!$U$12:$U$330
Name BID_INPUT_LINEHAUL_COST_LIVE_LOAD_f8512053: 'Bid Sheet'!$W$12:$W$330
Name BID_INPUT_TRAFFIC_LIGHT_60b1fce8: 'Bid Sheet'!$B$12:$B$330
Name BID_INPUT_TRANSIT_TIME_IN_DAYS_2d28fb03: 'Bid Sheet'!$Y$12:$Y$330
Name BIDSHEET_VERSION: ReferenceData!$I$1:$I$1
Name CURRENCY_CAD: ReferenceData!$D$2:$D$2
Name CURRENCY_CODES: ReferenceData!$C$1:$C$2
Name CURRENCY_USD: ReferenceData!$D$1:$D$1
Name GLOBAL_INPUT_DETENTION_HR_AFTER_2_FREE_HOURS_3aa68460: 'Bid Sheet'!$E$3:$E$3
Name GLOBAL_INPUT_DETENTION_HR_AFTER_2_FREE_HOURS_CURRENCY_3aa68460: 'Bid Sheet'!$D$3:$D$3
Name GLOBAL_INPUT_LAYOVER_OCCURRENCE_712ff282: 'Bid Sheet'!$E$7:$E$7
Name GLOBAL_INPUT_LAYOVER_OCCURRENCE_CURRENCY_712ff282: 'Bid Sheet'!$D$7:$D$7
Name GLOBAL_INPUT_LUMPER_OCCURRENCE_c090d7ec: 'Bid Sheet'!$E$4:$E$4
Name GLOBAL_INPUT_LUMPER_OCCURRENCE_CURRENCY_c090d7ec: 'Bid Sheet'!$D$4:$D$4
Name GLOBAL_INPUT_STOP_OFF_CHARGE_STOP_LOCATION_FEE_68c87fb5: 'Bid Sheet'!$E$6:$E$6
Name GLOBAL_INPUT_STOP_OFF_CHARGE_STOP_LOCATION_FEE_CURRENCY_68c87fb5: 'Bid Sheet'!$D$6:$D$6
Name GLOBAL_INPUT_TONU_OCCURRENCE_CURRENCY_ed42e12d: 'Bid Sheet'!$D$5:$D$5
Name GLOBAL_INPUT_TONU_OCCURRENCE_ed42e12d: 'Bid Sheet'!$E$5:$E$5
Name OPTIONS_ASSET_BROKER_47c6c907: ReferenceData!$F$1:$F$2
Name OPTIONS_CURRENCY_REQUIRED_07aaceaf: ReferenceData!$E$1:$E$2
Name OPTIONS_TRANSIT_TIME_IN_DAYS_2d28fb03: ReferenceData!$G$1:$G$31
Name STATIC_AMBIENT_OR_REFRIGERATED_c797d6f0: 'Bid Sheet'!$N$12:$N$330
Name STATIC_CATEGORY_a3c686e7: 'Bid Sheet'!$E$12:$E$330
Name STATIC_COUNTRY_d523ebbd: 'Bid Sheet'!$D$12:$D$330
Name STATIC_CURRENCY_REQUIRED_07aaceaf: 'Bid Sheet'!$S$12:$S$330
Name STATIC_DESTINATION_CITY_10ed4177: 'Bid Sheet'!$J$12:$J$330
Name STATIC_DESTINATION_STATE_8db5bcf7: 'Bid Sheet'!$K$12:$K$330
Name STATIC_DESTINATION_ZIP_CODE_256e1963: 'Bid Sheet'!$I$12:$I$330
Name STATIC_DISTANCE_M_9e41120d: 'Bid Sheet'!$L$12:$L$330
Name STATIC_FORECASTED_VOLUME_2026_2e8fc2f2: 'Bid Sheet'!$P$12:$P$330
Name STATIC_FUEL_ESTIMATE_USD_52da20b1: 'Bid Sheet'!$O$12:$O$330
Name STATIC_KEY_dd65c1b4: 'Bid Sheet'!$C$12:$C$330
Name STATIC_LOADING_DROP_2e8f8eea: 'Bid Sheet'!$T$12:$T$330
Name STATIC_LOADING_LIVE_33af13c2: 'Bid Sheet'!$V$12:$V$330
Name STATIC_MONTHLY_FORECAST_VOLUME_710d40f7: 'Bid Sheet'!$Q$12:$Q$330
Name STATIC_ORIGIN_CITY_f11c71d7: 'Bid Sheet'!$G$12:$G$330
Name STATIC_ORIGIN_STATE_e60af2b7: 'Bid Sheet'!$H$12:$H$330
Name STATIC_ORIGIN_ZIP_f8693c5b: 'Bid Sheet'!$F$12:$F$330
Name STATIC_TRANSPORTATION_MODE_1d2d5bc7: 'Bid Sheet'!$M$12:$M$330
Name VALIDATION_LOT_IDENTIFIER_RANGE: ReferenceData!$A$1:$A$319

Sheet Overview
B2: Overview
B4: Overview
C6: Event Name: | D6: Flora Food Group - US & CA FTL
C7: Description: | D7: FTL Freight for US and Canada
C8: Welcome message: | D8: RFP Scope:
D9: Domestic services across the United States and Canada, covering full truckload
D10: (FTL), less than truckload (LTL), intermodal and select accessorial services.
D12: The RFP includes a diverse portfolio of established lanes across multiple
D13: regions, with consistent shipment activity for primary (Inbound), inter-DC (STO)
D14: and secondary (Customer Outbound) movement of goods.
D16: Our US network is currently consolidating from multiple distribution centers
D17: (DCs) to two (2) centralized DCs, with completion expected before mid‑year.
D18: Canada network will remain unchanged. At the same time, we are tracking toward
D19: full operational readiness of our new Hugoton factory in Kansas. As part of this
D20: transition, we will be reassessing our existing lanes and potentially
D21: introducing new lanes in the coming months to ensure future rates are aligned
D22: with the new network structure.
... D76: written consent from Flora Food Group is strictly prohibited.
B79: Details
C81: Event contact: | D81: Julio Luis-Martino <luis.julio-martino@florafg.com>
C82: Currency: | D82: USD
C83: Current round: | D83: Round 2
B86: Exchange Rates
C88: 1 USD = | D88: CAD 1.370000
B91: Schedule
C93: Round 1 | D93: 15:00 EST on February 18, 2026 – 17:00 EST on March 04, 2026
C94: Round 2 | D94: 10:24 EDT on March 18, 2026 – 17:00 EDT on March 24, 2026
B97: Validation Rules
C99: Must provide at least one type of pricing, Live Load or Drop Trailer.
B102: How to place bids using the Bid Sheet
C104: Instructions
C105: Step 1: Click on the "Bid Sheet" tab.
C106: Step 2: Ensure that all cells in the "Complete Bid" column either show "Yes" or are blank (meaning that you do not intend to bid on that lot).
C107: Step 3: Enter bids for each lot that you wish to be awarded.
C108: Step 4: Upload the completed file using your browser.
C110: Note:
C111: Yellow cells can be populated by you. Columns with an asterisk (*) are mandatory.
C112: If you wish to be awarded a lot, you must at a minimum complete all related mandatory cells.
C113: Do not make changes to any other areas within the spreadsheet. Doing so may prevent the processing of the completed Bid Sheet.
C114: Only the Excel .xlsx format can be accepted and processed.
C116: Feedback:
C117: Feedback cells are only visible if feedback has been enabled for this event. Feedback cells cannot be populated by you.
C118: Any visible feedback refers to Round 1.

Sheet ReferenceData
A1: 66031_36207_FTL_TC | C1: USD | D1: 1 | E1: USD | F1: Asset | G1: 0 | I1: 2
A2: 66031_72830_FTL_TC | C2: CAD | D2: 1.37 | E2: CAD | F2: Broker | G2: 1
A3: 18202_21903_FTL_TC | G3: 2
A4: 66031_35020_FTL_TC | G4: 3
A5: 66031_35217_FTL_TC | G5: 4
A6: 66031_35950_FTL_TC | G6: 5
A7: 66031_36010_FTL_TC | G7: 6
A8: 66031_36105_FTL_TC | G8: 7
A9: 66031_36801_FTL_TC | G9: 8
A10: 66031_72117_FTL_TC | G10: 9
A11: 66031_85043_FTL_TC | G11: 10
A12: 66031_85193_FTL_TC | G12: 11
A13: 66031_85226_FTL_TC | G13: 12
A14: 66031_85353_FTL_TC | G14: 13
... A31: 66031_95206_IM_TC | G31: 30
A32: 66031_95215_FTL_TC
A33: 66031_95215_IM_TC
A34: 66031_95358_FTL_TC
A35: 66031_95358_IM_TC
A36: 66031_95377_FTL_TC
A37: 66031_95377_IM_TC
A38: 66031_95691_FTL_TC
A39: 66031_95691_IM_TC
A40: 66031_95834_FTL_TC
A41: 66031_95834_IM_TC
A42: 66031_95835_FTL_TC
A43: 66031_95835_IM_TC
... A319: 18202_33411_FTL_TC

Sheet Bid Sheet
A1: Bid Sheet
A3: Detention: $/hr; after 2 free hours* | F3: Waiting time after free time
A4: Lumper: $/occurrence* | F4: 3rd party unloading charge
A5: TONU: $/occurrence* | F5: Truck ordered not used
A6: Stop-Off Charge: $/stop (location fee)* | F6: Additional Delivery Stop
A7: Layover: $/occurrence* | F7: Trailer held overnight
A9: Complete Bid | B9: Traffic Light | C9: KEY | D9: Country | E9: Category | F9: Origin Zip | G9: Origin City | H9: Origin State | I9: Destination Zip Code | J9: Destination City | K9: Destination State | L9: Distance (M) | M9: Transportation Mode | N9: Ambient or Refrigerated | O9: Fuel Estimate (USD) (USD) | P9: Forecasted Volume 2026 | Q9: Monthly Forecast Volume | R9: Bidder Monthly Maximum Capacity* | S9: Currency Required (Currency) | T9: Loading Drop | U9: Linehaul Cost - Drop Trailer | V9: Loading Live | W9: Linehaul Cost - Live Load | X9: Asset/Broker* | Y9: Transit Time in Days | Z9: Carrier Notes
U10: Currency Required | W10: Currency Required
B11: Green Light = 0-5% from Target. Yellow Light = 5-10% from Target. Red Light = 10%+ from Target. | R11: This number will be measured against the "Monthly Forecast Volume". | S11: You must provide your bid for each lane in the currency shown here. | T11: If this column says "Must", then you have to at least provide Drop Trailer pricing. | V11: If this column says "Must", then you have to at least provide Live Load pricing.
A12: =IF(AND(COUNTBLANK('Bid Sheet'!$R$12:$R$12)=1,COUNTBLANK('Bid Sheet'!$U$12:$U$12)=1,COUNTBLANK('Bid Sheet'!$W$12:$Z$12)=4),"",IF(OR(COUNTBLANK('Bid Sheet'!$R$12:$R$12)>0,COUNTBLANK('Bid Sheet'!$X$12:$X$12)>0, SUM(COUNTBLANK('Bid Sheet'!$D$3:$E$3), COUNTBLANK('Bid Sheet'!$D$4:$E$4), COUNTBLANK('Bid Sheet'!$D$5:$E$5), COUNTBLANK('Bid Sheet'!$D$6:$E$6), COUNTBLANK('Bid Sheet'!$D$7:$E$7))>0), "No", "Yes")) | C12: 66031_36207_FTL_TC | D12: US | E12: Customer Outbound | F12: 66031 | G12: NEW CENTURY | H12: KS | I12: 36207 | J12: ANNISTON | K12: AL | L12: 774 | M12: FTL_TC | N12: Refrigerated | O12: 330 | P12: 15 | Q12: 1.3 | S12: USD
A13: =IF(AND(COUNTBLANK('Bid Sheet'!$R$13:$R$13)=1,COUNTBLANK('Bid Sheet'!$U$13:$U$13)=1,COUNTBLANK('Bid Sheet'!$W$13:$Z$13)=4),"",IF(OR(COUNTBLANK('Bid Sheet'!$R$13:$R$13)>0,COUNTBLANK('Bid Sheet'!$X$13:$X$13)>0, SUM(COUNTBLANK('Bid Sheet'!$D$3:$E$3), COUNTBLANK('Bid Sheet'!$D$4:$E$4), COUNTBLANK('Bid Sheet'!$D$5:$E$5), COUNTBLANK('Bid Sheet'!$D$6:$E$6), COUNTBLANK('Bid Sheet'!$D$7:$E$7))>0), "No", "Yes")) | C13: 66031_72830_FTL_TC | D13: US | E13: Customer Outbound | F13: 66031 | G13: NEW CENTURY | H13: KS | I13: 72830 | J13: CLARKSVILLE | K13: AR | L13: 318 | M13: FTL_TC | N13: Refrigerated | O13: 132 | P13: 102 | Q13: 8.5 | S13: USD | T13: Must
A14: =IF(AND(COUNTBLANK('Bid Sheet'!$R$14:$R$14)=1,COUNTBLANK('Bid Sheet'!$U$14:$U$14)=1,COUNTBLANK('Bid Sheet'!$W$14:$Z$14)=4),"",IF(OR(COUNTBLANK('Bid Sheet'!$R$14:$R$14)>0,COUNTBLANK('Bid Sheet'!$X$14:$X$14)>0, SUM(COUNTBLANK('Bid Sheet'!$D$3:$E$3), COUNTBLANK('Bid Sheet'!$D$4:$E$4), COUNTBLANK('Bid Sheet'!$D$5:$E$5), COUNTBLANK('Bid Sheet'!$D$6:$E$6), COUNTBLANK('Bid Sheet'!$D$7:$E$7))>0), "No", "Yes")) | C14: 18202_21903_FTL_TC | D14: US | E14: Customer Outbound | F14: 18202 | G14: HAZLETON | H14: PA | I14: 21903 | J14: PERRYVILLE | K14: MD | L14: 147 | M14: FTL_TC | N14: Refrigerated | O14: 72 | P14: 8 | Q14: 0.7 | S14: USD
A15: =IF(AND(COUNTBLANK('Bid Sheet'!$R$15:$R$15)=1,COUNTBLANK('Bid Sheet'!$U$15:$U$15)=1,COUNTBLANK('Bid Sheet'!$W$15:$Z$15)=4),"",IF(OR(COUNTBLANK('Bid Sheet'!$R$15:$R$15)>0,COUNTBLANK('Bid Sheet'!$X$15:$X$15)>0, SUM(COUNTBLANK('Bid Sheet'!$D$3:$E$3), COUNTBLANK('Bid Sheet'!$D$4:$E$4), COUNTBLANK('Bid Sheet'!$D$5:$E$5), COUNTBLANK('Bid Sheet'!$D$6:$E$6), COUNTBLANK('Bid Sheet'!$D$7:$E$7))>0), "No", "Yes")) | C15: 66031_35020_FTL_TC | D15: US | E15: Customer Outbound | F15: 66031 | G15: NEW CENTURY | H15: KS | I15: 35020 | J15: BESSEMER | K15: AL | L15: 721 | M15: FTL_TC | N15: Refrigerated | O15: 308 | P15: 24 | Q15: 2 | S15: USD
A16: =IF(AND(COUNTBLANK('Bid Sheet'!$R$16:$R$16)=1,COUNTBLANK('Bid Sheet'!$U$16:$U$16)=1,COUNTBLANK('Bid Sheet'!$W$16:$Z$16)=4),"",IF(OR(COUNTBLANK('Bid Sheet'!$R$16:$R$16)>0,COUNTBLANK('Bid Sheet'!$X$16:$X$16)>0, SUM(COUNTBLANK('Bid Sheet'!$D$3:$E$3), COUNTBLANK('Bid Sheet'!$D$4:$E$4), COUNTBLANK('Bid Sheet'!$D$5:$E$5), COUNTBLANK('Bid Sheet'!$D$6:$E$6), COUNTBLANK('Bid Sheet'!$D$7:$E$7))>0), "No", "Yes")) | C16: 66031_35217_FTL_TC | D16: US | E16: Customer Outbound | F16: 66031 | G16: NEW CENTURY | H16: KS | I16: 35217 | J16: BIRMINGHAM | K16: AL | L16: 707 | M16: FTL_TC | N16: Refrigerated | O16: 305 | P16: 6 | Q16: 0.5 | S16: USD
A17: =IF(AND(COUNTBLANK('Bid Sheet'!$R$17:$R$17)=1,COUNTBLANK('Bid Sheet'!$U$17:$U$17)=1,COUNTBLANK('Bid Sheet'!$W$17:$Z$17)=4),"",IF(OR(COUNTBLANK('Bid Sheet'!$R$17:$R$17)>0,COUNTBLANK('Bid Sheet'!$X$17:$X$17)>0, SUM(COUNTBLANK('Bid Sheet'!$D$3:$E$3), COUNTBLANK('Bid Sheet'!$D$4:$E$4), COUNTBLANK('Bid Sheet'!$D$5:$E$5), COUNTBLANK('Bid Sheet'!$D$6:$E$6), COUNTBLANK('Bid Sheet'!$D$7:$E$7))>0), "No", "Yes")) | C17: 66031_35950_FTL_TC | D17: US | E17: Customer Outbound | F17: 66031 | G17: NEW CENTURY | H17: KS | I17: 35950 | J17: ALBERTVILLE | K17: AL | L17: 759 | M17: FTL_TC | N17: Refrigerated | O17: 317 | P17: 12 | Q17: 1 | S17: USD
A18: =IF(AND(COUNTBLANK('Bid Sheet'!$R$18:$R$18)=1,COUNTBLANK('Bid Sheet'!$U$18:$U$18)=1,COUNTBLANK('Bid Sheet'!$W$18:$Z$18)=4),"",IF(OR(COUNTBLANK('Bid Sheet'!$R$18:$R$18)>0,COUNTBLANK('Bid Sheet'!$X$18:$X$18)>0, SUM(COUNTBLANK('Bid Sheet'!$D$3:$E$3), COUNTBLANK('Bid Sheet'!$D$4:$E$4), COUNTBLANK('Bid Sheet'!$D$5:$E$5), COUNTBLANK('Bid Sheet'!$D$6:$E$6), COUNTBLANK('Bid Sheet'!$D$7:$E$7))>0), "No", "Yes")) | C18: 66031_36010_FTL_TC | D18: US | E18: Customer Outbound | F18: 66031 | G18: NEW CENTURY | H18: KS | I18: 36010 | J18: BRUNDIDGE | K18: AL | L18: 859 | M18: FTL_TC | N18: Refrigerated | O18: 369 | P18: 98 | Q18: 8.2 | S18: USD | T18: Must
A19: =IF(AND(COUNTBLANK('Bid Sheet'!$R$19:$R$19)=1,COUNTBLANK('Bid Sheet'!$U$19:$U$19)=1,COUNTBLANK('Bid Sheet'!$W$19:$Z$19)=4),"",IF(OR(COUNTBLANK('Bid Sheet'!$R$19:$R$19)>0,COUNTBLANK('Bid Sheet'!$X$19:$X$19)>0, SUM(COUNTBLANK('Bid Sheet'!$D$3:$E$3), COUNTBLANK('Bid Sheet'!$D$4:$E$4), COUNTBLANK('Bid Sheet'!$D$5:$E$5), COUNTBLANK('Bid Sheet'!$D$6:$E$6), COUNTBLANK('Bid Sheet'!$D$7:$E$7))>0), "No", "Yes")) | C19: 66031_36105_FTL_TC | D19: US | E19: Customer Outbound | F19: 66031 | G19: NEW CENTURY | H19: KS | I19: 36105 | J19: MONTGOMERY | K19: AL | L19: 796 | M19: FTL_TC | N19: Refrigerated | O19: 344 | P19: 54 | Q19: 4.5 | S19: USD
A20: =IF(AND(COUNTBLANK('Bid Sheet'!$R$20:$R$20)=1,COUNTBLANK('Bid Sheet'!$U$20:$U$20)=1,COUNTBLANK('Bid Sheet'!$W$20:$Z$20)=4),"",IF(OR(COUNTBLANK('Bid Sheet'!$R$20:$R$20)>0,COUNTBLANK('Bid Sheet'!$X$20:$X$20)>0, SUM(COUNTBLANK('Bid Sheet'!$D$3:$E$3), COUNTBLANK('Bid Sheet'!$D$4:$E$4), COUNTBLANK('Bid Sheet'!$D$5:$E$5), COUNTBLANK('Bid Sheet'!$D$6:$E$6), COUNTBLANK('Bid Sheet'!$D$7:$E$7))>0), "No", "Yes")) | C20: 66031_36801_FTL_TC | D20: US | E20: Customer Outbound | F20: 66031 | G20: NEW CENTURY | H20: KS | I20: 36801 | J20: OPELIKA | K20: AL | L20: 821 | M20: FTL_TC | N20: Refrigerated | O20: 353 | P20: 104 | Q20: 8.7 | S20: USD | T20: Must
A21: =IF(AND(COUNTBLANK('Bid Sheet'!$R$21:$R$21)=1,COUNTBLANK('Bid Sheet'!$U$21:$U$21)=1,COUNTBLANK('Bid Sheet'!$W$21:$Z$21)=4),"",IF(OR(COUNTBLANK('Bid Sheet'!$R$21:$R$21)>0,COUNTBLANK('Bid Sheet'!$X$21:$X$21)>0, SUM(COUNTBLANK('Bid Sheet'!$D$3:$E$3), COUNTBLANK('Bid Sheet'!$D$4:$E$4), COUNTBLANK('Bid Sheet'!$D$5:$E$5), COUNTBLANK('Bid Sheet'!$D$6:$E$6), COUNTBLANK('Bid Sheet'!$D$7:$E$7))>0), "No", "Yes")) | C21: 66031_72117_FTL_TC | D21: US | E21: Customer Outbound | F21: 66031 | G21: NEW CENTURY | H21: KS | I21: 72117 | J21: NORTH LITTLE ROCK | K21: AR | L21: 420 | M21: FTL_TC | N21: Refrigerated | O21: 170 | P21: 11 | Q21: 0.9 | S21: USD
A22: =IF(AND(COUNTBLANK('Bid Sheet'!$R$22:$R$22)=1,COUNTBLANK('Bid Sheet'!$U$22:$U$22)=1,COUNTBLANK('Bid Sheet'!$W$22:$Z$22)=4),"",IF(OR(COUNTBLANK('Bid Sheet'!$R$22:$R$22)>0,COUNTBLANK('Bid Sheet'!$X$22:$X$22)>0, SUM(COUNTBLANK('Bid Sheet'!$D$3:$E$3), COUNTBLANK('Bid Sheet'!$D$4:$E$4), COUNTBLANK('Bid Sheet'!$D$5:$E$5), COUNTBLANK('Bid Sheet'!$D$6:$E$6), COUNTBLANK('Bid Sheet'!$D$7:$E$7))>0), "No", "Yes")) | C22: 66031_85043_FTL_TC | D22: US | E22: Customer Outbound | F22: 66031 | G22: NEW CENTURY | H22: KS | I22: 85043 | J22: PHOENIX | K22: AZ | L22: 1179 | M22: FTL_TC | N22: Refrigerated | O22: 544 | P22: 38 | Q22: 3.2 | S22: USD
A23: =IF(AND(COUNTBLANK('Bid Sheet'!$R$23:$R$23)=1,COUNTBLANK('Bid Sheet'!$U$23:$U$23)=1,COUNTBLANK('Bid Sheet'!$W$23:$Z$23)=4),"",IF(OR(COUNTBLANK('Bid Sheet'!$R$23:$R$23)>0,COUNTBLANK('Bid Sheet'!$X$23:$X$23)>0, SUM(COUNTBLANK('Bid Sheet'!$D$3:$E$3), COUNTBLANK('Bid Sheet'!$D$4:$E$4), COUNTBLANK('Bid Sheet'!$D$5:$E$5), COUNTBLANK('Bid Sheet'!$D$6:$E$6), COUNTBLANK('Bid Sheet'!$D$7:$E$7))>0), "No", "Yes")) | C23: 66031_85193_FTL_TC | D23: US | E23: Customer Outbound | F23: 66031 | G23: NEW CENTURY | H23: KS | I23: 85193 | J23: CASA GRANDE | K23: AZ | L23: 1231 | M23: FTL_TC | N23: Refrigerated | O23: 543 | P23: 142 | Q23: 11.8 | S23: USD | T23: Must
A24: =IF(AND(COUNTBLANK('Bid Sheet'!$R$24:$R$24)=1,COUNTBLANK('Bid Sheet'!$U$24:$U$24)=1,COUNTBLANK('Bid Sheet'!$W$24:$Z$24)=4),"",IF(OR(COUNTBLANK('Bid Sheet'!$R$24:$R$24)>0,COUNTBLANK('Bid Sheet'!$X$24:$X$24)>0, SUM(COUNTBLANK('Bid Sheet'!$D$3:$E$3), COUNTBLANK('Bid Sheet'!$D$4:$E$4), COUNTBLANK('Bid Sheet'!$D$5:$E$5), COUNTBLANK('Bid Sheet'!$D$6:$E$6), COUNTBLANK('Bid Sheet'!$D$7:$E$7))>0), "No", "Yes")) | C24: 66031_85226_FTL_TC | D24: US | E24: Customer Outbound | F24: 66031 | G24: NEW CENTURY | H24: KS | I24: 85226 | J24: CHANDLER | K24: AZ | L24: 1171 | M24: FTL_TC | N24: Refrigerated | O24: 538 | P24: 22 | Q24: 1.8 | S24: USD
A25: =IF(AND(COUNTBLANK('Bid Sheet'!$R$25:$R$25)=1,COUNTBLANK('Bid Sheet'!$U$25:$U$25)=1,COUNTBLANK('Bid Sheet'!$W$25:$Z$25)=4),"",IF(OR(COUNTBLANK('Bid Sheet'!$R$25:$R$25)>0,COUNTBLANK('Bid Sheet'!$X$25:$X$25)>0, SUM(COUNTBLANK('Bid Sheet'!$D$3:$E$3), COUNTBLANK('Bid Sheet'!$D$4:$E$4), COUNTBLANK('Bid Sheet'!$D$5:$E$5), COUNTBLANK('Bid Sheet'!$D$6:$E$6), COUNTBLANK('Bid Sheet'!$D$7:$E$7))>0), "No", "Yes")) | C25: 66031_85353_FTL_TC | D25: US | E25: Customer Outbound | F25: 66031 | G25: NEW CENTURY | H25: KS | I25: 85353 | J25: TOLLESON | K25: AZ | L25: 1193 | M25: FTL_TC | N25: Refrigerated | O25: 549 | P25: 133 | Q25: 11.1 | S25: USD
A26: =IF(AND(COUNTBLANK('Bid Sheet'!$R$26:$R$26)=1,COUNTBLANK('Bid Sheet'!$U$26:$U$26)=1,COUNTBLANK('Bid Sheet'!$W$26:$Z$26)=4),"",IF(OR(COUNTBLANK('Bid Sheet'!$R$26:$R$26)>0,COUNTBLANK('Bid Sheet'!$X$26:$X$26)>0, SUM(COUNTBLANK('Bid Sheet'!$D$3:$E$3), COUNTBLANK('Bid Sheet'!$D$4:$E$4), COUNTBLANK('Bid Sheet'!$D$5:$E$5), COUNTBLANK('Bid Sheet'!$D$6:$E$6), COUNTBLANK('Bid Sheet'!$D$7:$E$7))>0), "No", "Yes")) | C26: 66031_90670_FTL_TC | D26: US | E26: Customer Outbound | F26: 66031 | G26: NEW CENTURY | H26: KS | I26: 90670 | J26: SANTA FE SPRINGS | K26: CA | L26: 1536 | M26: FTL_TC | N26: Refrigerated | O26: 769 | P26: 51 | Q26: 4.3 | S26: USD
A27: =IF(AND(COUNTBLANK('Bid Sheet'!$R$27:$R$27)=1,COUNTBLANK('Bid Sheet'!$U$27:$U$27)=1,COUNTBLANK('Bid Sheet'!$W$27:$Z$27)=4),"",IF(OR(COUNTBLANK('Bid Sheet'!$R$27:$R$27)>0,COUNTBLANK('Bid Sheet'!$X$27:$X$27)>0, SUM(COUNTBLANK('Bid Sheet'!$D$3:$E$3), COUNTBLANK('Bid Sheet'!$D$4:$E$4), COUNTBLANK('Bid Sheet'!$D$5:$E$5), COUNTBLANK('Bid Sheet'!$D$6:$E$6), COUNTBLANK('Bid Sheet'!$D$7:$E$7))>0), "No", "Yes")) | C27: 66031_90670_IM_TC | D27: US | E27: Customer Outbound | F27: 66031 | G27: NEW CENTURY | H27: KS | I27: 90670 | J27: SANTA FE SPRINGS | K27: CA | L27: 1536 | M27: IM_TC | N27: Refrigerated | O27: 313 | P27: 30 | Q27: 2.5 | S27: USD
A28: =IF(AND(COUNTBLANK('Bid Sheet'!$R$28:$R$28)=1,COUNTBLANK('Bid Sheet'!$U$28:$U$28)=1,COUNTBLANK('Bid Sheet'!$W$28:$Z$28)=4),"",IF(OR(COUNTBLANK('Bid Sheet'!$R$28:$R$28)>0,COUNTBLANK('Bid Sheet'!$X$28:$X$28)>0, SUM(COUNTBLANK('Bid Sheet'!$D$3:$E$3), COUNTBLANK('Bid Sheet'!$D$4:$E$4), COUNTBLANK('Bid Sheet'!$D$5:$E$5), COUNTBLANK('Bid Sheet'!$D$6:$E$6), COUNTBLANK('Bid Sheet'!$D$7:$E$7))>0), "No", "Yes")) | C28: 66031_91730_FTL_TC | D28: US | E28: Customer Outbound | F28: 66031 | G28: NEW CENTURY | H28: KS | I28: 91730 | J28: RANCHO CUCAMONGA | K28: CA | L28: 1507 | M28: FTL_TC | N28: Refrigerated | O28: 736 | P28: 63 | Q28: 5.3 | S28: USD
A29: =IF(AND(COUNTBLANK('Bid Sheet'!$R$29:$R$29)=1,COUNTBLANK('Bid Sheet'!$U$29:$U$29)=1,COUNTBLANK('Bid Sheet'!$W$29:$Z$29)=4),"",IF(OR(COUNTBLANK('Bid Sheet'!$R$29:$R$29)>0,COUNTBLANK('Bid Sheet'!$X$29:$X$29)>0, SUM(COUNTBLANK('Bid Sheet'!$D$3:$E$3), COUNTBLANK('Bid Sheet'!$D$4:$E$4), COUNTBLANK('Bid Sheet'!$D$5:$E$5), COUNTBLANK('Bid Sheet'!$D$6:$E$6), COUNTBLANK('Bid Sheet'!$D$7:$E$7))>0), "No", "Yes")) | C29: 66031_91752_FTL_TC | D29: US | E29: Customer Outbound | F29: 66031 | G29: NEW CENTURY | H29: KS | I29: 91752 | J29: MIRA LOMA | K29: CA | L29: 1505 | M29: FTL_TC | N29: Refrigerated | O29: 741 | P29: 56 | Q29: 4.7 | S29: USD
A30: =IF(AND(COUNTBLANK('Bid Sheet'!$R$30:$R$30)=1,COUNTBLANK('Bid Sheet'!$U$30:$U$30)=1,COUNTBLANK('Bid Sheet'!$W$30:$Z$30)=4),"",IF(OR(COUNTBLANK('Bid Sheet'!$R$30:$R$30)>0,COUNTBLANK('Bid Sheet'!$X$30:$X$30)>0, SUM(COUNTBLANK('Bid Sheet'!$D$3:$E$3), COUNTBLANK('Bid Sheet'!$D$4:$E$4), COUNTBLANK('Bid Sheet'!$D$5:$E$5), COUNTBLANK('Bid Sheet'!$D$6:$E$6), COUNTBLANK('Bid Sheet'!$D$7:$E$7))>0), "No", "Yes")) | C30: 66031_91752_IM_TC | D30: US | E30: Customer Outbound | F30: 66031 | G30: NEW CENTURY | H30: KS | I30: 91752 | J30: MIRA LOMA | K30: CA | L30: 1505 | M30: IM_TC | N30: Refrigerated | O30: 304 | P30: 34 | Q30: 2.8 | S30: USD
A31: =IF(AND(COUNTBLANK('Bid Sheet'!$R$31:$R$31)=1,COUNTBLANK('Bid Sheet'!$U$31:$U$31)=1,COUNTBLANK('Bid Sheet'!$W$31:$Z$31)=4),"",IF(OR(COUNTBLANK('Bid Sheet'!$R$31:$R$31)>0,COUNTBLANK('Bid Sheet'!$X$31:$X$31)>0, SUM(COUNTBLANK('Bid Sheet'!$D$3:$E$3), COUNTBLANK('Bid Sheet'!$D$4:$E$4), COUNTBLANK('Bid Sheet'!$D$5:$E$5), COUNTBLANK('Bid Sheet'!$D$6:$E$6), COUNTBLANK('Bid Sheet'!$D$7:$E$7))>0), "No", "Yes")) | C31: 66031_92324_FTL_TC | D31: US | E31: Customer Outbound | F31: 66031 | G31: NEW CENTURY | H31: KS | I31: 92324 | J31: COLTON | K31: CA | L31: 1496 | M31: FTL_TC | N31: Refrigerated | O31: 738 | P31: 69 | Q31: 5.8 | S31: USD | T31: Must
A32: =IF(AND(COUNTBLANK('Bid Sheet'!$R$32:$R$32)=1,COUNTBLANK('Bid Sheet'!$U$32:$U$32)=1,COUNTBLANK('Bid Sheet'!$W$32:$Z$32)=4),"",IF(OR(COUNTBLANK('Bid Sheet'!$R$32:$R$32)>0,COUNTBLANK('Bid Sheet'!$X$32:$X$32)>0, SUM(COUNTBLANK('Bid Sheet'!$D$3:$E$3), COUNTBLANK('Bid Sheet'!$D$4:$E$4), COUNTBLANK('Bid Sheet'!$D$5:$E$5), COUNTBLANK('Bid Sheet'!$D$6:$E$6), COUNTBLANK('Bid Sheet'!$D$7:$E$7))>0), "No", "Yes")) | C32: 66031_92324_IM_TC | D32: US | E32: Customer Outbound | F32: 66031 | G32: NEW CENTURY | H32: KS | I32: 92324 | J32: COLTON | K32: CA | L32: 1496 | M32: IM_TC | N32: Refrigerated | O32: 296 | P32: 20 | Q32: 1.7 | S32: USD | T32: Must
A33: =IF(AND(COUNTBLANK('Bid Sheet'!$R$33:$R$33)=1,COUNTBLANK('Bid Sheet'!$U$33:$U$33)=1,COUNTBLANK('Bid Sheet'!$W$33:$Z$33)=4),"",IF(OR(COUNTBLANK('Bid Sheet'!$R$33:$R$33)>0,COUNTBLANK('Bid Sheet'!$X$33:$X$33)>0, SUM(COUNTBLANK('Bid Sheet'!$D$3:$E$3), COUNTBLANK('Bid Sheet'!$D$4:$E$4), COUNTBLANK('Bid Sheet'!$D$5:$E$5), COUNTBLANK('Bid Sheet'!$D$6:$E$6), COUNTBLANK('Bid Sheet'!$D$7:$E$7))>0), "No", "Yes")) | C33: 66031_92507_FTL_TC | D33: US | E33: Customer Outbound | F33: 66031 | G33: NEW CENTURY | H33: KS | I33: 92507 | J33: RIVERSIDE | K33: CA | L33: 1506 | M33: FTL_TC | N33: Refrigerated | O33: 742 | P33: 83 | Q33: 6.9 | S33: USD | T33: Must
A34: =IF(AND(COUNTBLANK('Bid Sheet'!$R$34:$R$34)=1,COUNTBLANK('Bid Sheet'!$U$34:$U$34)=1,COUNTBLANK('Bid Sheet'!$W$34:$Z$34)=4),"",IF(OR(COUNTBLANK('Bid Sheet'!$R$34:$R$34)>0,COUNTBLANK('Bid Sheet'!$X$34:$X$34)>0, SUM(COUNTBLANK('Bid Sheet'!$D$3:$E$3), COUNTBLANK('Bid Sheet'!$D$4:$E$4), COUNTBLANK('Bid Sheet'!$D$5:$E$5), COUNTBLANK('Bid Sheet'!$D$6:$E$6), COUNTBLANK('Bid Sheet'!$D$7:$E$7))>0), "No", "Yes")) | C34: 66031_92507_IM_TC | D34: US | E34: Customer Outbound | F34: 66031 | G34: NEW CENTURY | H34: KS | I34: 92507 | J34: RIVERSIDE | K34: CA | L34: 1506 | M34: IM_TC | N34: Refrigerated | O34: 300 | P34: 21 | Q34: 1.8 | S34: USD | T34: Must
A35: =IF(AND(COUNTBLANK('Bid Sheet'!$R$35:$R$35)=1,COUNTBLANK('Bid Sheet'!$U$35:$U$35)=1,COUNTBLANK('Bid Sheet'!$W$35:$Z$35)=4),"",IF(OR(COUNTBLANK('Bid Sheet'!$R$35:$R$35)>0,COUNTBLANK('Bid Sheet'!$X$35:$X$35)>0, SUM(COUNTBLANK('Bid Sheet'!$D$3:$E$3), COUNTBLANK('Bid Sheet'!$D$4:$E$4), COUNTBLANK('Bid Sheet'!$D$5:$E$5), COUNTBLANK('Bid Sheet'!$D$6:$E$6), COUNTBLANK('Bid Sheet'!$D$7:$E$7))>0), "No", "Yes")) | C35: 66031_92555_FTL_TC | D35: US | E35: Customer Outbound | F35: 66031 | G35: NEW CENTURY | H35: KS | I35: 92555 | J35: MORENO VALLEY | K35: CA | L35: 1477 | M35: FTL_TC | N35: Refrigerated | O35: 702 | P35: 20 | Q35: 1.7 | S35: USD
A36: =IF(AND(COUNTBLANK('Bid Sheet'!$R$36:$R$36)=1,COUNTBLANK('Bid Sheet'!$U$36:$U$36)=1,COUNTBLANK('Bid Sheet'!$W$36:$Z$36)=4),"",IF(OR(COUNTBLANK('Bid Sheet'!$R$36:$R$36)>0,COUNTBLANK('Bid Sheet'!$X$36:$X$36)>0, SUM(COUNTBLANK('Bid Sheet'!$D$3:$E$3), COUNTBLANK('Bid Sheet'!$D$4:$E$4), COUNTBLANK('Bid Sheet'!$D$5:$E$5), COUNTBLANK('Bid Sheet'!$D$6:$E$6), COUNTBLANK('Bid Sheet'!$D$7:$E$7))>0), "No", "Yes")) | C36: 66031_92555_IM_TC | D36: US | E36: Customer Outbound | F36: 66031 | G36: NEW CENTURY | H36: KS | I36: 92555 | J36: MORENO VALLEY | K36: CA | L36: 1477 | M36: IM_TC | N36: Refrigerated | O36: 311 | P36: 6 | Q36: 0.5 | S36: USD
A37: =IF(AND(COUNTBLANK('Bid Sheet'!$R$37:$R$37)=1,COUNTBLANK('Bid Sheet'!$U$37:$U$37)=1,COUNTBLANK('Bid Sheet'!$W$37:$Z$37)=4),"",IF(OR(COUNTBLANK('Bid Sheet'!$R$37:$R$37)>0,COUNTBLANK('Bid Sheet'!$X$37:$X$37)>0, SUM(COUNTBLANK('Bid Sheet'!$D$3:$E$3), COUNTBLANK('Bid Sheet'!$D$4:$E$4), COUNTBLANK('Bid Sheet'!$D$5:$E$5), COUNTBLANK('Bid Sheet'!$D$6:$E$6), COUNTBLANK('Bid Sheet'!$D$7:$E$7))>0), "No", "Yes")) | C37: 66031_92801_FTL_TC | D37: US | E37: Customer Outbound | F37: 66031 | G37: NEW CENTURY | H37: KS | I37: 92801 | J37: ANAHEIM | K37: CA | L37: 1535 | M37: FTL_TC | N37: Refrigerated | O37: 766 | P37: 12 | Q37: 1 | S37: USD
A38: =IF(AND(COUNTBLANK('Bid Sheet'!$R$38:$R$38)=1,COUNTBLANK('Bid Sheet'!$U$38:$U$38)=1,COUNTBLANK('Bid Sheet'!$W$38:$Z$38)=4),"",IF(OR(COUNTBLANK('Bid Sheet'!$R$38:$R$38)>0,COUNTBLANK('Bid Sheet'!$X$38:$X$38)>0, SUM(COUNTBLANK('Bid Sheet'!$D$3:$E$3), COUNTBLANK('Bid Sheet'!$D$4:$E$4), COUNTBLANK('Bid Sheet'!$D$5:$E$5), COUNTBLANK('Bid Sheet'!$D$6:$E$6), COUNTBLANK('Bid Sheet'!$D$7:$E$7))>0), "No", "Yes")) | C38: 66031_92801_IM_TC | D38: US | E38: Customer Outbound | F38: 66031 | G38: NEW CENTURY | H38: KS | I38: 92801 | J38: ANAHEIM | K38: CA | L38: 1535 | M38: IM_TC | N38: Refrigerated | O38: 322 | P38: 3 | Q38: 0.3 | S38: USD
A39: =IF(AND(COUNTBLANK('Bid Sheet'!$R$39:$R$39)=1,COUNTBLANK('Bid Sheet'!$U$39:$U$39)=1,COUNTBLANK('Bid Sheet'!$W$39:$Z$39)=4),"",IF(OR(COUNTBLANK('Bid Sheet'!$R$39:$R$39)>0,COUNTBLANK('Bid Sheet'!$X$39:$X$39)>0, SUM(COUNTBLANK('Bid Sheet'!$D$3:$E$3), COUNTBLANK('Bid Sheet'!$D$4:$E$4), COUNTBLANK('Bid Sheet'!$D$5:$E$5), COUNTBLANK('Bid Sheet'!$D$6:$E$6), COUNTBLANK('Bid Sheet'!$D$7:$E$7))>0), "No", "Yes")) | C39: 66031_93263_FTL_TC | D39: US | E39: Customer Outbound | F39: 66031 | G39: NEW CENTURY | H39: KS | I39: 93263 | J39: SHAFTER | K39: CA | L39: 1573 | M39: FTL_TC | N39: Refrigerated | O39: 771 | P39: 94 | Q39: 7.8 | S39: USD | T39: Must
A40: =IF(AND(COUNTBLANK('Bid Sheet'!$R$40:$R$40)=1,COUNTBLANK('Bid Sheet'!$U$40:$U$40)=1,COUNTBLANK('Bid Sheet'!$W$40:$Z$40)=4),"",IF(OR(COUNTBLANK('Bid Sheet'!$R$40:$R$40)>0,COUNTBLANK('Bid Sheet'!$X$40:$X$40)>0, SUM(COUNTBLANK('Bid Sheet'!$D$3:$E$3), COUNTBLANK('Bid Sheet'!$D$4:$E$4), COUNTBLANK('Bid Sheet'!$D$5:$E$5), COUNTBLANK('Bid Sheet'!$D$6:$E$6), COUNTBLANK('Bid Sheet'!$D$7:$E$7))>0), "No", "Yes")) | C40: 66031_93263_IM_TC | D40: US | E40: Customer Outbound | F40: 66031 | G40: NEW CENTURY | H40: KS | I40: 93263 | J40: SHAFTER | K40: CA | L40: 1573 | M40: IM_TC | N40: Refrigerated | O40: 384 | P40: 23 | Q40: 1.9 | S40: USD | T40: Must
A41: =IF(AND(COUNTBLANK('Bid Sheet'!$R$41:$R$41)=1,COUNTBLANK('Bid Sheet'!$U$41:$U$41)=1,COUNTBLANK('Bid Sheet'!$W$41:$Z$41)=4),"",IF(OR(COUNTBLANK('Bid Sheet'!$R$41:$R$41)>0,COUNTBLANK('Bid Sheet'!$X$41:$X$41)>0, SUM(COUNTBLANK('Bid Sheet'!$D$3:$E$3), COUNTBLANK('Bid Sheet'!$D$4:$E$4), COUNTBLANK('Bid Sheet'!$D$5:$E$5), COUNTBLANK('Bid Sheet'!$D$6:$E$6), COUNTBLANK('Bid Sheet'!$D$7:$E$7))>0), "No", "Yes")) | C41: 66031_95206_FTL_TC | D41: US | E41: Customer Outbound | F41: 66031 | G41: NEW CENTURY | H41: KS | I41: 95206 | J41: STOCKTON | K41: CA | L41: 1474 | M41: FTL_TC | N41: Refrigerated | O41: 805 | P41: 75 | Q41: 6.3 | S41: USD
A42: =IF(AND(COUNTBLANK('Bid Sheet'!$R$42:$R$42)=1,COUNTBLANK('Bid Sheet'!$U$42:$U$42)=1,COUNTBLANK('Bid Sheet'!$W$42:$Z$42)=4),"",IF(OR(COUNTBLANK('Bid Sheet'!$R$42:$R$42)>0,COUNTBLANK('Bid Sheet'!$X$42:$X$42)>0, SUM(COUNTBLANK('Bid Sheet'!$D$3:$E$3), COUNTBLANK('Bid Sheet'!$D$4:$E$4), COUNTBLANK('Bid Sheet'!$D$5:$E$5), COUNTBLANK('Bid Sheet'!$D$6:$E$6), COUNTBLANK('Bid Sheet'!$D$7:$E$7))>0), "No", "Yes")) | C42: 66031_95206_IM_TC | D42: US | E42: Customer Outbound | F42: 66031 | G42: NEW CENTURY | H42: KS | I42: 95206 | J42: STOCKTON | K42: CA | L42: 1474 | M42: IM_TC | N42: Refrigerated | O42: 354 | P42: 22 | Q42: 1.8 | S42: USD
A43: =IF(AND(COUNTBLANK('Bid Sheet'!$R$43:$R$43)=1,COUNTBLANK('Bid Sheet'!$U$43:$U$43)=1,COUNTBLANK('Bid Sheet'!$W$43:$Z$43)=4),"",IF(OR(COUNTBLANK('Bid Sheet'!$R$43:$R$43)>0,COUNTBLANK('Bid Sheet'!$X$43:$X$43)>0, SUM(COUNTBLANK('Bid Sheet'!$D$3:$E$3), COUNTBLANK('Bid Sheet'!$D$4:$E$4), COUNTBLANK('Bid Sheet'!$D$5:$E$5), COUNTBLANK('Bid Sheet'!$D$6:$E$6), COUNTBLANK('Bid Sheet'!$D$7:$E$7))>0), "No", "Yes")) | C43: 66031_95215_FTL_TC | D43: US | E43: Customer Outbound | F43: 66031 | G43: NEW CENTURY | H43: KS | I43: 95215 | J43: STOCKTON | K43: CA | L43: 1798 | M43: FTL_TC | N43: Refrigerated | O43: 799 | P43: 10 | Q43: 0.8 | S43: USD
A44: =IF(AND(COUNTBLANK('Bid Sheet'!$R$44:$R$44)=1,COUNTBLANK('Bid Sheet'!$U$44:$U$44)=1,COUNTBLANK('Bid Sheet'!$W$44:$Z$44)=4),"",IF(OR(COUNTBLANK('Bid Sheet'!$R$44:$R$44)>0,COUNTBLANK('Bid Sheet'!$X$44:$X$44)>0, SUM(COUNTBLANK('Bid Sheet'!$D$3:$E$3), COUNTBLANK('Bid Sheet'!$D$4:$E$4), COUNTBLANK('Bid Sheet'!$D$5:$E$5), COUNTBLANK('Bid Sheet'!$D$6:$E$6), COUNTBLANK('Bid Sheet'!$D$7:$E$7))>0), "No", "Yes")) | C44: 66031_95215_IM_TC | D44: US | E44: Customer Outbound | F44: 66031 | G44: NEW CENTURY | H44: KS | I44: 95215 | J44: STOCKTON | K44: CA | L44: 1798 | M44: IM_TC | N44: Refrigerated | O44: 347 | P44: 7 | Q44: 0.6 | S44: USD
A45: =IF(AND(COUNTBLANK('Bid Sheet'!$R$45:$R$45)=1,COUNTBLANK('Bid Sheet'!$U$45:$U$45)=1,COUNTBLANK('Bid Sheet'!$W$45:$Z$45)=4),"",IF(OR(COUNTBLANK('Bid Sheet'!$R$45:$R$45)>0,COUNTBLANK('Bid Sheet'!$X$45:$X$45)>0, SUM(COUNTBLANK('Bid Sheet'!$D$3:$E$3), COUNTBLANK('Bid Sheet'!$D$4:$E$4), COUNTBLANK('Bid Sheet'!$D$5:$E$5), COUNTBLANK('Bid Sheet'!$D$6:$E$6), COUNTBLANK('Bid Sheet'!$D$7:$E$7))>0), "No", "Yes")) | C45: 66031_95358_FTL_TC | D45: US | E45: Customer Outbound | F45: 66031 | G45: NEW CENTURY | H45: KS | I45: 95358 | J45: MODESTO | K45: CA | L45: 1821 | M45: FTL_TC | N45: Refrigerated | O45: 821 | P45: 36 | Q45: 3 | S45: USD
A46: =IF(AND(COUNTBLANK('Bid Sheet'!$R$46:$R$46)=1,COUNTBLANK('Bid Sheet'!$U$46:$U$46)=1,COUNTBLANK('Bid Sheet'!$W$46:$Z$46)=4),"",IF(OR(COUNTBLANK('Bid Sheet'!$R$46:$R$46)>0,COUNTBLANK('Bid Sheet'!$X$46:$X$46)>0, SUM(COUNTBLANK('Bid Sheet'!$D$3:$E$3), COUNTBLANK('Bid Sheet'!$D$4:$E$4), COUNTBLANK('Bid Sheet'!$D$5:$E$5), COUNTBLANK('Bid Sheet'!$D$6:$E$6), COUNTBLANK('Bid Sheet'!$D$7:$E$7))>0), "No", "Yes")) | C46: 66031_95358_IM_TC | D46: US | E46: Customer Outbound | F46: 66031 | G46: NEW CENTURY | H46: KS | I46: 95358 | J46: MODESTO | K46: CA | L46: 1821 | M46: IM_TC | N46: Refrigerated | O46: 367 | P46: 16 | Q46: 1.3 | S46: USD
A47: =IF(AND(COUNTBLANK('Bid Sheet'!$R$47:$R$47)=1,COUNTBLANK('Bid Sheet'!$U$47:$U$47)=1,COUNTBLANK('Bid Sheet'!$W$47:$Z$47)=4),"",IF(OR(COUNTBLANK('Bid Sheet'!$R$47:$R$47)>0,COUNTBLANK('Bid Sheet'!$X$47:$X$47)>0, SUM(COUNTBLANK('Bid Sheet'!$D$3:$E$3), COUNTBLANK('Bid Sheet'!$D$4:$E$4), COUNTBLANK('Bid Sheet'!$D$5:$E$5), COUNTBLANK('Bid Sheet'!$D$6:$E$6), COUNTBLANK('Bid Sheet'!$D$7:$E$7))>0), "No", "Yes")) | C47: 66031_95377_FTL_TC | D47: US | E47: Customer Outbound | F47: 66031 | G47: NEW CENTURY | H47: KS | I47: 95377 | J47: TRACY | K47: CA | L47: 1827 | M47: FTL_TC | N47: Refrigerated | O47: 825 | P47: 30 | Q47: 2.5 | S47: USD
A48: =IF(AND(COUNTBLANK('Bid Sheet'!$R$48:$R$48)=1,COUNTBLANK('Bid Sheet'!$U$48:$U$48)=1,COUNTBLANK('Bid Sheet'!$W$48:$Z$48)=4),"",IF(OR(COUNTBLANK('Bid Sheet'!$R$48:$R$48)>0,COUNTBLANK('Bid Sheet'!$X$48:$X$48)>0, SUM(COUNTBLANK('Bid Sheet'!$D$3:$E$3), COUNTBLANK('Bid Sheet'!$D$4:$E$4), COUNTBLANK('Bid Sheet'!$D$5:$E$5), COUNTBLANK('Bid Sheet'!$D$6:$E$6), COUNTBLANK('Bid Sheet'!$D$7:$E$7))>0), "No", "Yes")) | C48: 66031_95377_IM_TC | D48: US | E48: Customer Outbound | F48: 66031 | G48: NEW CENTURY | H48: KS | I48: 95377 | J48: TRACY | K48: CA | L48: 1827 | M48: IM_TC | N48: Refrigerated | O48: 364 | P48: 10 | Q48: 0.8 | S48: USD
A49: =IF(AND(COUNTBLANK('Bid Sheet'!$R$49:$R$49)=1,COUNTBLANK('Bid Sheet'!$U$49:$U$49)=1,COUNTBLANK('Bid Sheet'!$W$49:$Z$49)=4),"",IF(OR(COUNTBLANK('Bid Sheet'!$R$49:$R$49)>0,COUNTBLANK('Bid Sheet'!$X$49:$X$49)>0, SUM(COUNTBLANK('Bid Sheet'!$D$3:$E$3), COUNTBLANK('Bid Sheet'!$D$4:$E$4), COUNTBLANK('Bid Sheet'!$D$5:$E$5), COUNTBLANK('Bid Sheet'!$D$6:$E$6), COUNTBLANK('Bid Sheet'!$D$7:$E$7))>0), "No", "Yes")) | C49: 66031_95691_FTL_TC | D49: US | E49: Customer Outbound | F49: 66031 | G49: NEW CENTURY | H49: KS | I49: 95691 | J49: WEST SACRAMENTO | K49: CA | L49: 1749 | M49: FTL_TC | N49: Refrigerated | O49: 787 | P49: 24 | Q49: 2 | S49: USD
A50: =IF(AND(COUNTBLANK('Bid Sheet'!$R$50:$R$50)=1,COUNTBLANK('Bid Sheet'!$U$50:$U$50)=1,COUNTBLANK('Bid Sheet'!$W$50:$Z$50)=4),"",IF(OR(COUNTBLANK('Bid Sheet'!$R$50:$R$50)>0,COUNTBLANK('Bid Sheet'!$X$50:$X$50)>0, SUM(COUNTBLANK('Bid Sheet'!$D$3:$E$3), COUNTBLANK('Bid Sheet'!$D$4:$E$4), COUNTBLANK('Bid Sheet'!$D$5:$E$5), COUNTBLANK('Bid Sheet'!$D$6:$E$6), COUNTBLANK('Bid Sheet'!$D$7:$E$7))>0), "No", "Yes")) | C50: 66031_95691_IM_TC | D50: US | E50: Customer Outbound | F50: 66031 | G50: NEW CENTURY | H50: KS | I50: 95691 | J50: WEST SACRAMENTO | K50: CA | L50: 1749 | M50: IM_TC | N50: Refrigerated | O50: 376 | P50: 4 | Q50: 0.3 | S50: USD
A51: =IF(AND(COUNTBLANK('Bid Sheet'!$R$51:$R$51)=1,COUNTBLANK('Bid Sheet'!$U$51:$U$51)=1,COUNTBLANK('Bid Sheet'!$W$51:$Z$51)=4),"",IF(OR(COUNTBLANK('Bid Sheet'!$R$51:$R$51)>0,COUNTBLANK('Bid Sheet'!$X$51:$X$51)>0, SUM(COUNTBLANK('Bid Sheet'!$D$3:$E$3), COUNTBLANK('Bid Sheet'!$D$4:$E$4), COUNTBLANK('Bid Sheet'!$D$5:$E$5), COUNTBLANK('Bid Sheet'!$D$6:$E$6), COUNTBLANK('Bid Sheet'!$D$7:$E$7))>0), "No", "Yes")) | C51: 66031_95834_FTL_TC | D51: US | E51: Customer Outbound | F51: 66031 | G51: NEW CENTURY | H51: KS | I51: 95834 | J51: SACRAMENTO | K51: CA | L51: 1749 | M51: FTL_TC | N51: Refrigerated | O51: 787 | P51: 10 | Q51: 0.8 | S51: USD
A52: =IF(AND(COUNTBLANK('Bid Sheet'!$R$52:$R$52)=1,COUNTBLANK('Bid Sheet'!$U$52:$U$52)=1,COUNTBLANK('Bid Sheet'!$W$52:$Z$52)=4),"",IF(OR(COUNTBLANK('Bid Sheet'!$R$52:$R$52)>0,COUNTBLANK('Bid Sheet'!$X$52:$X$52)>0, SUM(COUNTBLANK('Bid Sheet'!$D$3:$E$3), COUNTBLANK('Bid Sheet'!$D$4:$E$4), COUNTBLANK('Bid Sheet'!$D$5:$E$5), COUNTBLANK('Bid Sheet'!$D$6:$E$6), COUNTBLANK('Bid Sheet'!$D$7:$E$7))>0), "No", "Yes")) | C52: 66031_95834_IM_TC | D52: US | E52: Customer Outbound | F52: 66031 | G52: NEW CENTURY | H52: KS | I52: 95834 | J52: SACRAMENTO | K52: CA | L52: 1749 | M52: IM_TC | N52: Refrigerated | O52: 378 | P52: 4 | Q52: 0.3 | S52: USD
A53: =IF(AND(COUNTBLANK('Bid Sheet'!$R$53:$R$53)=1,COUNTBLANK('Bid Sheet'!$U$53:$U$53)=1,COUNTBLANK('Bid Sheet'!$W$53:$Z$53)=4),"",IF(OR(COUNTBLANK('Bid Sheet'!$R$53:$R$53)>0,COUNTBLANK('Bid Sheet'!$X$53:$X$53)>0, SUM(COUNTBLANK('Bid Sheet'!$D$3:$E$3), COUNTBLANK('Bid Sheet'!$D$4:$E$4), COUNTBLANK('Bid Sheet'!$D$5:$E$5), COUNTBLANK('Bid Sheet'!$D$6:$E$6), COUNTBLANK('Bid Sheet'!$D$7:$E$7))>0), "No", "Yes")) | C53: 66031_95835_FTL_TC | D53: US | E53: Customer Outbound | F53: 66031 | G53: NEW CENTURY | H53: KS | I53: 95835 | J53: SACRAMENTO | K53: CA | L53: 1749 | M53: FTL_TC | N53: Refrigerated | O53: 788 | P53: 10 | Q53: 0.8 | S53: USD
A54: =IF(AND(COUNTBLANK('Bid Sheet'!$R$54:$R$54)=1,COUNTBLANK('Bid Sheet'!$U$54:$U$54)=1,COUNTBLANK('Bid Sheet'!$W$54:$Z$54)=4),"",IF(OR(COUNTBLANK('Bid Sheet'!$R$54:$R$54)>0,COUNTBLANK('Bid Sheet'!$X$54:$X$54)>0, SUM(COUNTBLANK('Bid Sheet'!$D$3:$E$3), COUNTBLANK('Bid Sheet'!$D$4:$E$4), COUNTBLANK('Bid Sheet'!$D$5:$E$5), COUNTBLANK('Bid Sheet'!$D$6:$E$6), COUNTBLANK('Bid Sheet'!$D$7:$E$7))>0), "No", "Yes")) | C54: 66031_95835_IM_TC | D54: US | E54: Customer Outbound | F54: 66031 | G54: NEW CENTURY | H54: KS | I54: 95835 | J54: SACRAMENTO | K54: CA | L54: 1749 | M54: IM_TC | N54: Refrigerated | O54: 380 | P54: 2 | Q54: 0.2 | S54: USD
A55: =IF(AND(COUNTBLANK('Bid Sheet'!$R$55:$R$55)=1,COUNTBLANK('Bid Sheet'!$U$55:$U$55)=1,COUNTBLANK('Bid Sheet'!$W$55:$Z$55)=4),"",IF(OR(COUNTBLANK('Bid Sheet'!$R$55:$R$55)>0,COUNTBLANK('Bid Sheet'!$X$55:$X$55)>0, SUM(COUNTBLANK('Bid Sheet'!$D$3:$E$3), COUNTBLANK('Bid Sheet'!$D$4:$E$4), COUNTBLANK('Bid Sheet'!$D$5:$E$5), COUNTBLANK('Bid Sheet'!$D$6:$E$6), COUNTBLANK('Bid Sheet'!$D$7:$E$7))>0), "No", "Yes")) | C55: 66031_92376_FTL_TC | D55: US | E55: Customer Outbound | F55: 66031 | G55: NEW CENTURY | H55: KS | I55: 92376 | J55: RIALTO | K55: CA | L55: 1496 | M55: FTL_TC | N55: Refrigerated | O55: 738 | P55: 14 | Q55: 1.2 | S55: USD
A56: =IF(AND(COUNTBLANK('Bid Sheet'!$R$56:$R$56)=1,COUNTBLANK('Bid Sheet'!$U$56:$U$56)=1,COUNTBLANK('Bid Sheet'!$W$56:$Z$56)=4),"",IF(OR(COUNTBLANK('Bid Sheet'!$R$56:$R$56)>0,COUNTBLANK('Bid Sheet'!$X$56:$X$56)>0, SUM(COUNTBLANK('Bid Sheet'!$D$3:$E$3), COUNTBLANK('Bid Sheet'!$D$4:$E$4), COUNTBLANK('Bid Sheet'!$D$5:$E$5), COUNTBLANK('Bid Sheet'!$D$6:$E$6), COUNTBLANK('Bid Sheet'!$D$7:$E$7))>0), "No", "Yes")) | C56: 66031_92376_IM_TC | D56: US | E56: Customer Outbound | F56: 66031 | G56: NEW CENTURY | H56: KS | I56: 92376 | J56: RIALTO | K56: CA | L56: 1496 | M56: IM_TC | N56: Refrigerated | O56: 296 | P56: 5 | Q56: 0.4 | S56: USD
A57: =IF(AND(COUNTBLANK('Bid Sheet'!$R$57:$R$57)=1,COUNTBLANK('Bid Sheet'!$U$57:$U$57)=1,COUNTBLANK('Bid Sheet'!$W$57:$Z$57)=4),"",IF(OR(COUNTBLANK('Bid Sheet'!$R$57:$R$57)>0,COUNTBLANK('Bid Sheet'!$X$57:$X$57)>0, SUM(COUNTBLANK('Bid Sheet'!$D$3:$E$3), COUNTBLANK('Bid Sheet'!$D$4:$E$4), COUNTBLANK('Bid Sheet'!$D$5:$E$5), COUNTBLANK('Bid Sheet'!$D$6:$E$6), COUNTBLANK('Bid Sheet'!$D$7:$E$7))>0), "No", "Yes")) | C57: 66031_92408_FTL_TC | D57: US | E57: Customer Outbound | F57: 66031 | G57: NEW CENTURY | H57: KS | I57: 92408 | J57: SAN BERNARDINO | K57: CA | L57: 1498 | M57: FTL_TC | N57: Refrigerated | O57: 731 | P57: 30 | Q57: 2.5 | S57: USD
A58: =IF(AND(COUNTBLANK('Bid Sheet'!$R$58:$R$58)=1,COUNTBLANK('Bid Sheet'!$U$58:$U$58)=1,COUNTBLANK('Bid Sheet'!$W$58:$Z$58)=4),"",IF(OR(COUNTBLANK('Bid Sheet'!$R$58:$R$58)>0,COUNTBLANK('Bid Sheet'!$X$58:$X$58)>0, SUM(COUNTBLANK('Bid Sheet'!$D$3:$E$3), COUNTBLANK('Bid Sheet'!$D$4:$E$4), COUNTBLANK('Bid Sheet'!$D$5:$E$5), COUNTBLANK('Bid Sheet'!$D$6:$E$6), COUNTBLANK('Bid Sheet'!$D$7:$E$7))>0), "No", "Yes")) | C58: 66031_92408_IM_TC | D58: US | E58: Customer Outbound | F58: 66031 | G58: NEW CENTURY | H58: KS | I58: 92408 | J58: SAN BERNARDINO | K58: CA | L58: 1498 | M58: IM_TC | N58: Refrigerated | O58: 295 | P58: 17 | Q58: 1.4 | S58: USD
A59: =IF(AND(COUNTBLANK('Bid Sheet'!$R$59:$R$59)=1,COUNTBLANK('Bid Sheet'!$U$59:$U$59)=1,COUNTBLANK('Bid Sheet'!$W$59:$Z$59)=4),"",IF(OR(COUNTBLANK('Bid Sheet'!$R$59:$R$59)>0,COUNTBLANK('Bid Sheet'!$X$59:$X$59)>0, SUM(COUNTBLANK('Bid Sheet'!$D$3:$E$3), COUNTBLANK('Bid Sheet'!$D$4:$E$4), COUNTBLANK('Bid Sheet'!$D$5:$E$5), COUNTBLANK('Bid Sheet'!$D$6:$E$6), COUNTBLANK('Bid Sheet'!$D$7:$E$7))>0), "No", "Yes")) | C59: 66031_92508_FTL_TC | D59: US | E59: Customer Outbound | F59: 66031 | G59: NEW CENTURY | H59: KS | I59: 92508 | J59: RIVERSIDE | K59: CA | L59: 1511 | M59: FTL_TC | N59: Refrigerated | O59: 742 | P59: 8 | Q59: 0.7 | S59: USD
A60: =IF(AND(COUNTBLANK('Bid Sheet'!$R$60:$R$60)=1,COUNTBLANK('Bid Sheet'!$U$60:$U$60)=1,COUNTBLANK('Bid Sheet'!$W$60:$Z$60)=4),"",IF(OR(COUNTBLANK('Bid Sheet'!$R$60:$R$60)>0,COUNTBLANK('Bid Sheet'!$X$60:$X$60)>0, SUM(COUNTBLANK('Bid Sheet'!$D$3:$E$3), COUNTBLANK('Bid Sheet'!$D$4:$E$4), COUNTBLANK('Bid Sheet'!$D$5:$E$5), COUNTBLANK('Bid Sheet'!$D$6:$E$6), COUNTBLANK('Bid Sheet'!$D$7:$E$7))>0), "No", "Yes")) | C60: 66031_92508_IM_TC | D60: US | E60: Customer Outbound | F60: 66031 | G60: NEW CENTURY | H60: KS | I60: 92508 | J60: RIVERSIDE | K60: CA | L60: 1511 | M60: IM_TC | N60: Refrigerated | O60: 303 | P60: 2 | Q60: 0.2 | S60: USD
A61: =IF(AND(COUNTBLANK('Bid Sheet'!$R$61:$R$61)=1,COUNTBLANK('Bid Sheet'!$U$61:$U$61)=1,COUNTBLANK('Bid Sheet'!$W$61:$Z$61)=4),"",IF(OR(COUNTBLANK('Bid Sheet'!$R$61:$R$61)>0,COUNTBLANK('Bid Sheet'!$X$61:$X$61)>0, SUM(COUNTBLANK('Bid Sheet'!$D$3:$E$3), COUNTBLANK('Bid Sheet'!$D$4:$E$4), COUNTBLANK('Bid Sheet'!$D$5:$E$5), COUNTBLANK('Bid Sheet'!$D$6:$E$6), COUNTBLANK('Bid Sheet'!$D$7:$E$7))>0), "No", "Yes")) | C61: 66031_95354_FTL_TC | D61: US | E61: Customer Outbound | F61: 66031 | G61: NEW CENTURY | H61: KS | I61: 95354 | J61: MODESTO | K61: CA | L61: 1802 | M61: FTL_TC | N61: Refrigerated | O61: 821 | P61: 6 | Q61: 0.5 | S61: USD
A62: =IF(AND(COUNTBLANK('Bid Sheet'!$R$62:$R$62)=1,COUNTBLANK('Bid Sheet'!$U$62:$U$62)=1,COUNTBLANK('Bid Sheet'!$W$62:$Z$62)=4),"",IF(OR(COUNTBLANK('Bid Sheet'!$R$62:$R$62)>0,COUNTBLANK('Bid Sheet'!$X$62:$X$62)>0, SUM(COUNTBLANK('Bid Sheet'!$D$3:$E$3), COUNTBLANK('Bid Sheet'!$D$4:$E$4), COUNTBLANK('Bid Sheet'!$D$5:$E$5), COUNTBLANK('Bid Sheet'!$D$6:$E$6), COUNTBLANK('Bid Sheet'!$D$7:$E$7))>0), "No", "Yes")) | C62: 66031_95354_IM_TC | D62: US | E62: Customer Outbound | F62: 66031 | G62: NEW CENTURY | H62: KS | I62: 95354 | J62: MODESTO | K62: CA | L62: 1802 | M62: IM_TC | N62: Refrigerated | O62: 367 | P62: 6 | Q62: 0.5 | S62: USD
A63: =IF(AND(COUNTBLANK('Bid Sheet'!$R$63:$R$63)=1,COUNTBLANK('Bid Sheet'!$U$63:$U$63)=1,COUNTBLANK('Bid Sheet'!$W$63:$Z$63)=4),"",IF(OR(COUNTBLANK('Bid Sheet'!$R$63:$R$63)>0,COUNTBLANK('Bid Sheet'!$X$63:$X$63)>0, SUM(COUNTBLANK('Bid Sheet'!$D$3:$E$3), COUNTBLANK('Bid Sheet'!$D$4:$E$4), COUNTBLANK('Bid Sheet'!$D$5:$E$5), COUNTBLANK('Bid Sheet'!$D$6:$E$6), COUNTBLANK('Bid Sheet'!$D$7:$E$7))>0), "No", "Yes")) | C63: 66031_80216_FTL_TC | D63: US | E63: Customer Outbound | F63: 66031 | G63: NEW CENTURY | H63: KS | I63: 80216 | J63: DENVER | K63: CO | L63: 587 | M63: FTL_TC | N63: Refrigerated | O63: 259 | P63: 24 | Q63: 2 | S63: USD
A64: =IF(AND(COUNTBLANK('Bid Sheet'!$R$64:$R$64)=1,COUNTBLANK('Bid Sheet'!$U$64:$U$64)=1,COUNTBLANK('Bid Sheet'!$W$64:$Z$64)=4),"",IF(OR(COUNTBLANK('Bid Sheet'!$R$64:$R$64)>0,COUNTBLANK('Bid Sheet'!$X$64:$X$64)>0, SUM(COUNTBLANK('Bid Sheet'!$D$3:$E$3), COUNTBLANK('Bid Sheet'!$D$4:$E$4), COUNTBLANK('Bid Sheet'!$D$5:$E$5), COUNTBLANK('Bid Sheet'!$D$6:$E$6), COUNTBLANK('Bid Sheet'!$D$7:$E$7))>0), "No", "Yes")) | C64: 18202_06067_FTL_TC | D64: US | E64: Customer Outbound | F64: 18202 | G64: HAZLETON | H64: PA | I64: 06067 | J64: ROCKY HILL | K64: CT | L64: 227 | M64: FTL_TC | N64: Refrigerated | O64: 131 | P64: 105 | Q64: 8.8 | S64: USD
A65: =IF(AND(COUNTBLANK('Bid Sheet'!$R$65:$R$65)=1,COUNTBLANK('Bid Sheet'!$U$65:$U$65)=1,COUNTBLANK('Bid Sheet'!$W$65:$Z$65)=4),"",IF(OR(COUNTBLANK('Bid Sheet'!$R$65:$R$65)>0,COUNTBLANK('Bid Sheet'!$X$65:$X$65)>0, SUM(COUNTBLANK('Bid Sheet'!$D$3:$E$3), COUNTBLANK('Bid Sheet'!$D$4:$E$4), COUNTBLANK('Bid Sheet'!$D$5:$E$5), COUNTBLANK('Bid Sheet'!$D$6:$E$6), COUNTBLANK('Bid Sheet'!$D$7:$E$7))>0), "No", "Yes")) | C65: 18202_06074_FTL_TC | D65: US | E65: Customer Outbound | F65: 18202 | G65: HAZLETON | H65: PA | I65: 06074 | J65: SOUTH WINDSOR | K65: CT | L65: 242 | M65: FTL_TC | N65: Refrigerated | O65: 136 | P65: 32 | Q65: 2.7 | S65: USD
A66: =IF(AND(COUNTBLANK('Bid Sheet'!$R$66:$R$66)=1,COUNTBLANK('Bid Sheet'!$U$66:$U$66)=1,COUNTBLANK('Bid Sheet'!$W$66:$Z$66)=4),"",IF(OR(COUNTBLANK('Bid Sheet'!$R$66:$R$66)>0,COUNTBLANK('Bid Sheet'!$X$66:$X$66)>0, SUM(COUNTBLANK('Bid Sheet'!$D$3:$E$3), COUNTBLANK('Bid Sheet'!$D$4:$E$4), COUNTBLANK('Bid Sheet'!$D$5:$E$5), COUNTBLANK('Bid Sheet'!$D$6:$E$6), COUNTBLANK('Bid Sheet'!$D$7:$E$7))>0), "No", "Yes")) | C66: 18202_06095_FTL_TC | D66: US | E66: Customer Outbound | F66: 18202 | G66: HAZLETON | H66: PA | I66: 06095 | J66: WINDSOR | K66: CT | L66: 242 | M66: FTL_TC | N66: Refrigerated | O66: 136 | P66: 10 | Q66: 0.8 | S66: USD
A67: =IF(AND(COUNTBLANK('Bid Sheet'!$R$67:$R$67)=1,COUNTBLANK('Bid Sheet'!$U$67:$U$67)=1,COUNTBLANK('Bid Sheet'!$W$67:$Z$67)=4),"",IF(OR(COUNTBLANK('Bid Sheet'!$R$67:$R$67)>0,COUNTBLANK('Bid Sheet'!$X$67:$X$67)>0, SUM(COUNTBLANK('Bid Sheet'!$D$3:$E$3), COUNTBLANK('Bid Sheet'!$D$4:$E$4), COUNTBLANK('Bid Sheet'!$D$5:$E$5), COUNTBLANK('Bid Sheet'!$D$6:$E$6), COUNTBLANK('Bid Sheet'!$D$7:$E$7))>0), "No", "Yes")) | C67: 18202_32505_FTL_TC | D67: US | E67: Customer Outbound | F67: 18202 | G67: HAZLETON | H67: PA | I67: 32505 | J67: PENSACOLA | K67: FL | L67: 1110 | M67: FTL_TC | N67: Refrigerated | O67: 530 | P67: 19 | Q67: 1.6 | S67: USD
A68: =IF(AND(COUNTBLANK('Bid Sheet'!$R$68:$R$68)=1,COUNTBLANK('Bid Sheet'!$U$68:$U$68)=1,COUNTBLANK('Bid Sheet'!$W$68:$Z$68)=4),"",IF(OR(COUNTBLANK('Bid Sheet'!$R$68:$R$68)>0,COUNTBLANK('Bid Sheet'!$X$68:$X$68)>0, SUM(COUNTBLANK('Bid Sheet'!$D$3:$E$3), COUNTBLANK('Bid Sheet'!$D$4:$E$4), COUNTBLANK('Bid Sheet'!$D$5:$E$5), COUNTBLANK('Bid Sheet'!$D$6:$E$6), COUNTBLANK('Bid Sheet'!$D$7:$E$7))>0), "No", "Yes")) | C68: 18202_32824_FTL_TC | D68: US | E68: Customer Outbound | F68: 18202 | G68: HAZLETON | H68: PA | I68: 32824 | J68: ORLANDO | K68: FL | L68: 1057 | M68: FTL_TC | N68: Refrigerated | O68: 507 | P68: 46 | Q68: 3.8 | S68: USD
A69: =IF(AND(COUNTBLANK('Bid Sheet'!$R$69:$R$69)=1,COUNTBLANK('Bid Sheet'!$U$69:$U$69)=1,COUNTBLANK('Bid Sheet'!$W$69:$Z$69)=4),"",IF(OR(COUNTBLANK('Bid Sheet'!$R$69:$R$69)>0,COUNTBLANK('Bid Sheet'!$X$69:$X$69)>0, SUM(COUNTBLANK('Bid Sheet'!$D$3:$E$3), COUNTBLANK('Bid Sheet'!$D$4:$E$4), COUNTBLANK('Bid Sheet'!$D$5:$E$5), COUNTBLANK('Bid Sheet'!$D$6:$E$6), COUNTBLANK('Bid Sheet'!$D$7:$E$7))>0), "No", "Yes")) | C69: 18202_33881_FTL_TC | D69: US | E69: Customer Outbound | F69: 18202 | G69: HAZLETON | H69: PA | I69: 33881 | J69: WINTER HAVEN | K69: FL | L69: 1295 | M69: FTL_TC | N69: Refrigerated | O69: 525 | P69: 24 | Q69: 2 | S69: USD | T69: Must
A70: =IF(AND(COUNTBLANK('Bid Sheet'!$R$70:$R$70)=1,COUNTBLANK('Bid Sheet'!$U$70:$U$70)=1,COUNTBLANK('Bid Sheet'!$W$70:$Z$70)=4),"",IF(OR(COUNTBLANK('Bid Sheet'!$R$70:$R$70)>0,COUNTBLANK('Bid Sheet'!$X$70:$X$70)>0, SUM(COUNTBLANK('Bid Sheet'!$D$3:$E$3), COUNTBLANK('Bid Sheet'!$D$4:$E$4), COUNTBLANK('Bid Sheet'!$D$5:$E$5), COUNTBLANK('Bid Sheet'!$D$6:$E$6), COUNTBLANK('Bid Sheet'!$D$7:$E$7))>0), "No", "Yes")) | C70: 66031_32055_FTL_TC | D70: US | E70: Customer Outbound | F70: 66031 | G70: NEW CENTURY | H70: KS | I70: 32055 | J70: LAKE CITY | K70: FL | L70: 1123 | M70: FTL_TC | N70: Refrigerated | O70: 488 | P70: 19 | Q70: 1.6 | S70: USD
A71: =IF(AND(COUNTBLANK('Bid Sheet'!$R$71:$R$71)=1,COUNTBLANK('Bid Sheet'!$U$71:$U$71)=1,COUNTBLANK('Bid Sheet'!$W$71:$Z$71)=4),"",IF(OR(COUNTBLANK('Bid Sheet'!$R$71:$R$71)>0,COUNTBLANK('Bid Sheet'!$X$71:$X$71)>0, SUM(COUNTBLANK('Bid Sheet'!$D$3:$E$3), COUNTBLANK('Bid Sheet'!$D$4:$E$4), COUNTBLANK('Bid Sheet'!$D$5:$E$5), COUNTBLANK('Bid Sheet'!$D$6:$E$6), COUNTBLANK('Bid Sheet'!$D$7:$E$7))>0), "No", "Yes")) | C71: 66031_32063_FTL_TC | D71: US | E71: Customer Outbound | F71: 66031 | G71: NEW CENTURY | H71: KS | I71: 32063 | J71: MACCLENNY | K71: FL | L71: 1147 | M71: FTL_TC | N71: Refrigerated | O71: 501 | P71: 130 | Q71: 10.8 | S71: USD | T71: Must
A72: =IF(AND(COUNTBLANK('Bid Sheet'!$R$72:$R$72)=1,COUNTBLANK('Bid Sheet'!$U$72:$U$72)=1,COUNTBLANK('Bid Sheet'!$W$72:$Z$72)=4),"",IF(OR(COUNTBLANK('Bid Sheet'!$R$72:$R$72)>0,COUNTBLANK('Bid Sheet'!$X$72:$X$72)>0, SUM(COUNTBLANK('Bid Sheet'!$D$3:$E$3), COUNTBLANK('Bid Sheet'!$D$4:$E$4), COUNTBLANK('Bid Sheet'!$D$5:$E$5), COUNTBLANK('Bid Sheet'!$D$6:$E$6), COUNTBLANK('Bid Sheet'!$D$7:$E$7))>0), "No", "Yes")) | C72: 66031_32220_FTL_TC | D72: US | E72: Customer Outbound | F72: 66031 | G72: NEW CENTURY | H72: KS | I72: 32220 | J72: JACKSONVILLE | K72: FL | L72: 1181 | M72: FTL_TC | N72: Refrigerated | O72: 511 | P72: 38 | Q72: 3.2 | S72: USD
A73: =IF(AND(COUNTBLANK('Bid Sheet'!$R$73:$R$73)=1,COUNTBLANK('Bid Sheet'!$U$73:$U$73)=1,COUNTBLANK('Bid Sheet'!$W$73:$Z$73)=4),"",IF(OR(COUNTBLANK('Bid Sheet'!$R$73:$R$73)>0,COUNTBLANK('Bid Sheet'!$X$73:$X$73)>0, SUM(COUNTBLANK('Bid Sheet'!$D$3:$E$3), COUNTBLANK('Bid Sheet'!$D$4:$E$4), COUNTBLANK('Bid Sheet'!$D$5:$E$5), COUNTBLANK('Bid Sheet'!$D$6:$E$6), COUNTBLANK('Bid Sheet'!$D$7:$E$7))>0), "No", "Yes")) | C73: 66031_32234_FTL_TC | D73: US | E73: Customer Outbound | F73: 66031 | G73: NEW CENTURY | H73: KS | I73: 32234 | J73: JACKSONVILLE | K73: FL | L73: 1181 | M73: FTL_TC | N73: Refrigerated | O73: 512 | P73: 24 | Q73: 2 | S73: USD
A74: =IF(AND(COUNTBLANK('Bid Sheet'!$R$74:$R$74)=1,COUNTBLANK('Bid Sheet'!$U$74:$U$74)=1,COUNTBLANK('Bid Sheet'!$W$74:$Z$74)=4),"",IF(OR(COUNTBLANK('Bid Sheet'!$R$74:$R$74)>0,COUNTBLANK('Bid Sheet'!$X$74:$X$74)>0, SUM(COUNTBLANK('Bid Sheet'!$D$3:$E$3), COUNTBLANK('Bid Sheet'!$D$4:$E$4), COUNTBLANK('Bid Sheet'!$D$5:$E$5), COUNTBLANK('Bid Sheet'!$D$6:$E$6), COUNTBLANK('Bid Sheet'!$D$7:$E$7))>0), "No", "Yes")) | C74: 66031_32809_FTL_TC | D74: US | E74: Customer Outbound | F74: 66031 | G74: NEW CENTURY | H74: KS | I74: 32809 | J74: ORLANDO | K74: FL | L74: 1281 | M74: FTL_TC | N74: Refrigerated | O74: 559 | P74: 20 | Q74: 1.7 | S74: USD
A75: =IF(AND(COUNTBLANK('Bid Sheet'!$R$75:$R$75)=1,COUNTBLANK('Bid Sheet'!$U$75:$U$75)=1,COUNTBLANK('Bid Sheet'!$W$75:$Z$75)=4),"",IF(OR(COUNTBLANK('Bid Sheet'!$R$75:$R$75)>0,COUNTBLANK('Bid Sheet'!$X$75:$X$75)>0, SUM(COUNTBLANK('Bid Sheet'!$D$3:$E$3), COUNTBLANK('Bid Sheet'!$D$4:$E$4), COUNTBLANK('Bid Sheet'!$D$5:$E$5), COUNTBLANK('Bid Sheet'!$D$6:$E$6), COUNTBLANK('Bid Sheet'!$D$7:$E$7))>0), "No", "Yes")) | C75: 66031_32822_FTL_TC | D75: US | E75: Customer Outbound | F75: 66031 | G75: NEW CENTURY | H75: KS | I75: 32822 | J75: ORLANDO | K75: FL | L75: 1286 | M75: FTL_TC | N75: Refrigerated | O75: 561 | P75: 53 | Q75: 4.4 | S75: USD
A76: =IF(AND(COUNTBLANK('Bid Sheet'!$R$76:$R$76)=1,COUNTBLANK('Bid Sheet'!$U$76:$U$76)=1,COUNTBLANK('Bid Sheet'!$W$76:$Z$76)=4),"",IF(OR(COUNTBLANK('Bid Sheet'!$R$76:$R$76)>0,COUNTBLANK('Bid Sheet'!$X$76:$X$76)>0, SUM(COUNTBLANK('Bid Sheet'!$D$3:$E$3), COUNTBLANK('Bid Sheet'!$D$4:$E$4), COUNTBLANK('Bid Sheet'!$D$5:$E$5), COUNTBLANK('Bid Sheet'!$D$6:$E$6), COUNTBLANK('Bid Sheet'!$D$7:$E$7))>0), "No", "Yes")) | C76: 66031_32922_FTL_TC | D76: US | E76: Customer Outbound | F76: 66031 | G76: NEW CENTURY | H76: KS | I76: 32922 | J76: COCOA | K76: FL | L76: 1310 | M76: FTL_TC | N76: Refrigerated | O76: 577 | P76: 180 | Q76: 15 | S76: USD | T76: Must
A77: =IF(AND(COUNTBLANK('Bid Sheet'!$R$77:$R$77)=1,COUNTBLANK('Bid Sheet'!$U$77:$U$77)=1,COUNTBLANK('Bid Sheet'!$W$77:$Z$77)=4),"",IF(OR(COUNTBLANK('Bid Sheet'!$R$77:$R$77)>0,COUNTBLANK('Bid Sheet'!$X$77:$X$77)>0, SUM(COUNTBLANK('Bid Sheet'!$D$3:$E$3), COUNTBLANK('Bid Sheet'!$D$4:$E$4), COUNTBLANK('Bid Sheet'!$D$5:$E$5), COUNTBLANK('Bid Sheet'!$D$6:$E$6), COUNTBLANK('Bid Sheet'!$D$7:$E$7))>0), "No", "Yes")) | C77: 66031_33014_FTL_TC | D77: US | E77: Customer Outbound | F77: 66031 | G77: NEW CENTURY | H77: KS | I77: 33014 | J77: HIALEAH | K77: FL | L77: 1493 | M77: FTL_TC | N77: Refrigerated | O77: 656 | P77: 60 | Q77: 5 | S77: USD
A78: =IF(AND(COUNTBLANK('Bid Sheet'!$R$78:$R$78)=1,COUNTBLANK('Bid Sheet'!$U$78:$U$78)=1,COUNTBLANK('Bid Sheet'!$W$78:$Z$78)=4),"",IF(OR(COUNTBLANK('Bid Sheet'!$R$78:$R$78)>0,COUNTBLANK('Bid Sheet'!$X$78:$X$78)>0, SUM(COUNTBLANK('Bid Sheet'!$D$3:$E$3), COUNTBLANK('Bid Sheet'!$D$4:$E$4), COUNTBLANK('Bid Sheet'!$D$5:$E$5), COUNTBLANK('Bid Sheet'!$D$6:$E$6), COUNTBLANK('Bid Sheet'!$D$7:$E$7))>0), "No", "Yes")) | C78: 66031_33069_FTL_TC | D78: US | E78: Customer Outbound | F78: 66031 | G78: NEW CENTURY | H78: KS | I78: 33069 | J78: POMPANO BEACH | K78: FL | L78: 1464 | M78: FTL_TC | N78: Refrigerated | O78: 645 | P78: 50 | Q78: 4.2 | S78: USD
A79: =IF(AND(COUNTBLANK('Bid Sheet'!$R$79:$R$79)=1,COUNTBLANK('Bid Sheet'!$U$79:$U$79)=1,COUNTBLANK('Bid Sheet'!$W$79:$Z$79)=4),"",IF(OR(COUNTBLANK('Bid Sheet'!$R$79:$R$79)>0,COUNTBLANK('Bid Sheet'!$X$79:$X$79)>0, SUM(COUNTBLANK('Bid Sheet'!$D$3:$E$3), COUNTBLANK('Bid Sheet'!$D$4:$E$4), COUNTBLANK('Bid Sheet'!$D$5:$E$5), COUNTBLANK('Bid Sheet'!$D$6:$E$6), COUNTBLANK('Bid Sheet'!$D$7:$E$7))>0), "No", "Yes")) | C79: 66031_33122_FTL_TC | D79: US | E79: Customer Outbound | F79: 66031 | G79: NEW CENTURY | H79: KS | I79: 33122 | J79: MIAMI | K79: FL | L79: 1502 | M79: FTL_TC | N79: Refrigerated | O79: 659 | P79: 28 | Q79: 2.3 | S79: USD
A80: =IF(AND(COUNTBLANK('Bid Sheet'!$R$80:$R$80)=1,COUNTBLANK('Bid Sheet'!$U$80:$U$80)=1,COUNTBLANK('Bid Sheet'!$W$80:$Z$80)=4),"",IF(OR(COUNTBLANK('Bid Sheet'!$R$80:$R$80)>0,COUNTBLANK('Bid Sheet'!$X$80:$X$80)>0, SUM(COUNTBLANK('Bid Sheet'!$D$3:$E$3), COUNTBLANK('Bid Sheet'!$D$4:$E$4), COUNTBLANK('Bid Sheet'!$D$5:$E$5), COUNTBLANK('Bid Sheet'!$D$6:$E$6), COUNTBLANK('Bid Sheet'!$D$7:$E$7))>0), "No", "Yes")) | C80: 66031_33142_FTL_TC | D80: US | E80: Customer Outbound | F80: 66031 | G80: NEW CENTURY | H80: KS | I80: 33142 | J80: MIAMI | K80: FL | L80: 1496 | M80: FTL_TC | N80: Refrigerated | O80: 657 | P80: 24 | Q80: 2 | S80: USD
A81: =IF(AND(COUNTBLANK('Bid Sheet'!$R$81:$R$81)=1,COUNTBLANK('Bid Sheet'!$U$81:$U$81)=1,COUNTBLANK('Bid Sheet'!$W$81:$Z$81)=4),"",IF(OR(COUNTBLANK('Bid Sheet'!$R$81:$R$81)>0,COUNTBLANK('Bid Sheet'!$X$81:$X$81)>0, SUM(COUNTBLANK('Bid Sheet'!$D$3:$E$3), COUNTBLANK('Bid Sheet'!$D$4:$E$4), COUNTBLANK('Bid Sheet'!$D$5:$E$5), COUNTBLANK('Bid Sheet'!$D$6:$E$6), COUNTBLANK('Bid Sheet'!$D$7:$E$7))>0), "No", "Yes")) | C81: 66031_33166_FTL_TC | D81: US | E81: Customer Outbound | F81: 66031 | G81: NEW CENTURY | H81: KS | I81: 33166 | J81: MIAMI | K81: FL | L81: 1501 | M81: FTL_TC | N81: Refrigerated | O81: 659 | P81: 6 | Q81: 0.5 | S81: USD
A82: =IF(AND(COUNTBLANK('Bid Sheet'!$R$82:$R$82)=1,COUNTBLANK('Bid Sheet'!$U$82:$U$82)=1,COUNTBLANK('Bid Sheet'!$W$82:$Z$82)=4),"",IF(OR(COUNTBLANK('Bid Sheet'!$R$82:$R$82)>0,COUNTBLANK('Bid Sheet'!$X$82:$X$82)>0, SUM(COUNTBLANK('Bid Sheet'!$D$3:$E$3), COUNTBLANK('Bid Sheet'!$D$4:$E$4), COUNTBLANK('Bid Sheet'!$D$5:$E$5), COUNTBLANK('Bid Sheet'!$D$6:$E$6), COUNTBLANK('Bid Sheet'!$D$7:$E$7))>0), "No", "Yes")) | C82: 66031_33167_FTL_TC | D82: US | E82: Customer Outbound | F82: 66031 | G82: NEW CENTURY | H82: KS | I82: 33167 | J82: MIAMI | K82: FL | L82: 1491 | M82: FTL_TC | N82: Refrigerated | O82: 659 | P82: 30 | Q82: 2.5 | S82: USD
A83: =IF(AND(COUNTBLANK('Bid Sheet'!$R$83:$R$83)=1,COUNTBLANK('Bid Sheet'!$U$83:$U$83)=1,COUNTBLANK('Bid Sheet'!$W$83:$Z$83)=4),"",IF(OR(COUNTBLANK('Bid Sheet'!$R$83:$R$83)>0,COUNTBLANK('Bid Sheet'!$X$83:$X$83)>0, SUM(COUNTBLANK('Bid Sheet'!$D$3:$E$3), COUNTBLANK('Bid Sheet'!$D$4:$E$4), COUNTBLANK('Bid Sheet'!$D$5:$E$5), COUNTBLANK('Bid Sheet'!$D$6:$E$6), COUNTBLANK('Bid Sheet'!$D$7:$E$7))>0), "No", "Yes")) | C83: 66031_33178_FTL_TC | D83: US | E83: Customer Outbound | F83: 66031 | G83: NEW CENTURY | H83: KS | I83: 33178 | J83: MIAMI | K83: FL | L83: 1506 | M83: FTL_TC | N83: Refrigerated | O83: 655 | P83: 40 | Q83: 3.3 | S83: USD
A84: =IF(AND(COUNTBLANK('Bid Sheet'!$R$84:$R$84)=1,COUNTBLANK('Bid Sheet'!$U$84:$U$84)=1,COUNTBLANK('Bid Sheet'!$W$84:$Z$84)=4),"",IF(OR(COUNTBLANK('Bid Sheet'!$R$84:$R$84)>0,COUNTBLANK('Bid Sheet'!$X$84:$X$84)>0, SUM(COUNTBLANK('Bid Sheet'!$D$3:$E$3), COUNTBLANK('Bid Sheet'!$D$4:$E$4), COUNTBLANK('Bid Sheet'!$D$5:$E$5), COUNTBLANK('Bid Sheet'!$D$6:$E$6), COUNTBLANK('Bid Sheet'!$D$7:$E$7))>0), "No", "Yes")) | C84: 66031_33179_FTL_TC | D84: US | E84: Customer Outbound | F84: 66031 | G84: NEW CENTURY | H84: KS | I84: 33179 | J84: MIAMI | K84: FL | L84: 1489 | M84: FTL_TC | N84: Refrigerated | O84: 659 | P84: 6 | Q84: 0.5 | S84: USD
A85: =IF(AND(COUNTBLANK('Bid Sheet'!$R$85:$R$85)=1,COUNTBLANK('Bid Sheet'!$U$85:$U$85)=1,COUNTBLANK('Bid Sheet'!$W$85:$Z$85)=4),"",IF(OR(COUNTBLANK('Bid Sheet'!$R$85:$R$85)>0,COUNTBLANK('Bid Sheet'!$X$85:$X$85)>0, SUM(COUNTBLANK('Bid Sheet'!$D$3:$E$3), COUNTBLANK('Bid Sheet'!$D$4:$E$4), COUNTBLANK('Bid Sheet'!$D$5:$E$5), COUNTBLANK('Bid Sheet'!$D$6:$E$6), COUNTBLANK('Bid Sheet'!$D$7:$E$7))>0), "No", "Yes")) | C85: 66031_33407_FTL_TC | D85: US | E85: Customer Outbound | F85: 66031 | G85: NEW CENTURY | H85: KS | I85: 33407 | J85: WEST PALM BEACH | K85: FL | L85: 1428 | M85: FTL_TC | N85: Refrigerated | O85: 630 | P85: 16 | Q85: 1.3 | S85: USD
A86: =IF(AND(COUNTBLANK('Bid Sheet'!$R$86:$R$86)=1,COUNTBLANK('Bid Sheet'!$U$86:$U$86)=1,COUNTBLANK('Bid Sheet'!$W$86:$Z$86)=4),"",IF(OR(COUNTBLANK('Bid Sheet'!$R$86:$R$86)>0,COUNTBLANK('Bid Sheet'!$X$86:$X$86)>0, SUM(COUNTBLANK('Bid Sheet'!$D$3:$E$3), COUNTBLANK('Bid Sheet'!$D$4:$E$4), COUNTBLANK('Bid Sheet'!$D$5:$E$5), COUNTBLANK('Bid Sheet'!$D$6:$E$6), COUNTBLANK('Bid Sheet'!$D$7:$E$7))>0), "No", "Yes")) | C86: 66031_33411_FTL_TC | D86: US | E86: Customer Outbound | F86: 66031 | G86: NEW CENTURY | H86: KS | I86: 33411 | J86: WEST PALM BEACH | K86: FL | L86: 1434 | M86: FTL_TC | N86: Refrigerated | O86: 630 | P86: 24 | Q86: 2 | S86: USD
A87: =IF(AND(COUNTBLANK('Bid Sheet'!$R$87:$R$87)=1,COUNTBLANK('Bid Sheet'!$U$87:$U$87)=1,COUNTBLANK('Bid Sheet'!$W$87:$Z$87)=4),"",IF(OR(COUNTBLANK('Bid Sheet'!$R$87:$R$87)>0,COUNTBLANK('Bid Sheet'!$X$87:$X$87)>0, SUM(COUNTBLANK('Bid Sheet'!$D$3:$E$3), COUNTBLANK('Bid Sheet'!$D$4:$E$4), COUNTBLANK('Bid Sheet'!$D$5:$E$5), COUNTBLANK('Bid Sheet'!$D$6:$E$6), COUNTBLANK('Bid Sheet'!$D$7:$E$7))>0), "No", "Yes")) | C87: 66031_33442_FTL_TC | D87: US | E87: Customer Outbound | F87: 66031 | G87: NEW CENTURY | H87: KS | I87: 33442 | J87: DEERFIELD BEACH | K87: FL | L87: 1461 | M87: FTL_TC | N87: Refrigerated | O87: 643 | P87: 76 | Q87: 6.3 | S87: USD
A88: =IF(AND(COUNTBLANK('Bid Sheet'!$R$88:$R$88)=1,COUNTBLANK('Bid Sheet'!$U$88:$U$88)=1,COUNTBLANK('Bid Sheet'!$W$88:$Z$88)=4),"",IF(OR(COUNTBLANK('Bid Sheet'!$R$88:$R$88)>0,COUNTBLANK('Bid Sheet'!$X$88:$X$88)>0, SUM(COUNTBLANK('Bid Sheet'!$D$3:$E$3), COUNTBLANK('Bid Sheet'!$D$4:$E$4), COUNTBLANK('Bid Sheet'!$D$5:$E$5), COUNTBLANK('Bid Sheet'!$D$6:$E$6), COUNTBLANK('Bid Sheet'!$D$7:$E$7))>0), "No", "Yes")) | C88: 66031_33566_FTL_TC | D88: US | E88: Customer Outbound | F88: 66031 | G88: NEW CENTURY | H88: KS | I88: 33566 | J88: PLANT CITY | K88: FL | L88: 1307 | M88: FTL_TC | N88: Refrigerated | O88: 563 | P88: 32 | Q88: 2.7 | S88: USD
A89: =IF(AND(COUNTBLANK('Bid Sheet'!$R$89:$R$89)=1,COUNTBLANK('Bid Sheet'!$U$89:$U$89)=1,COUNTBLANK('Bid Sheet'!$W$89:$Z$89)=4),"",IF(OR(COUNTBLANK('Bid Sheet'!$R$89:$R$89)>0,COUNTBLANK('Bid Sheet'!$X$89:$X$89)>0, SUM(COUNTBLANK('Bid Sheet'!$D$3:$E$3), COUNTBLANK('Bid Sheet'!$D$4:$E$4), COUNTBLANK('Bid Sheet'!$D$5:$E$5), COUNTBLANK('Bid Sheet'!$D$6:$E$6), COUNTBLANK('Bid Sheet'!$D$7:$E$7))>0), "No", "Yes")) | C89: 66031_33815_FTL_TC | D89: US | E89: Customer Outbound | F89: 66031 | G89: NEW CENTURY | H89: KS | I89: 33815 | J89: LAKELAND | K89: FL | L89: 1284 | M89: FTL_TC | N89: Refrigerated | O89: 562 | P89: 76 | Q89: 6.3 | S89: USD
A90: =IF(AND(COUNTBLANK('Bid Sheet'!$R$90:$R$90)=1,COUNTBLANK('Bid Sheet'!$U$90:$U$90)=1,COUNTBLANK('Bid Sheet'!$W$90:$Z$90)=4),"",IF(OR(COUNTBLANK('Bid Sheet'!$R$90:$R$90)>0,COUNTBLANK('Bid Sheet'!$X$90:$X$90)>0, SUM(COUNTBLANK('Bid Sheet'!$D$3:$E$3), COUNTBLANK('Bid Sheet'!$D$4:$E$4), COUNTBLANK('Bid Sheet'!$D$5:$E$5), COUNTBLANK('Bid Sheet'!$D$6:$E$6), COUNTBLANK('Bid Sheet'!$D$7:$E$7))>0), "No", "Yes")) | C90: 66031_33844_FTL_TC | D90: US | E90: Customer Outbound | F90: 66031 | G90: NEW CENTURY | H90: KS | I90: 33844 | J90: HAINES CITY | K90: FL | L90: 1298 | M90: FTL_TC | N90: Refrigerated | O90: 563 | P90: 36 | Q90: 3 | S90: USD
A91: =IF(AND(COUNTBLANK('Bid Sheet'!$R$91:$R$91)=1,COUNTBLANK('Bid Sheet'!$U$91:$U$91)=1,COUNTBLANK('Bid Sheet'!$W$91:$Z$91)=4),"",IF(OR(COUNTBLANK('Bid Sheet'!$R$91:$R$91)>0,COUNTBLANK('Bid Sheet'!$X$91:$X$91)>0, SUM(COUNTBLANK('Bid Sheet'!$D$3:$E$3), COUNTBLANK('Bid Sheet'!$D$4:$E$4), COUNTBLANK('Bid Sheet'!$D$5:$E$5), COUNTBLANK('Bid Sheet'!$D$6:$E$6), COUNTBLANK('Bid Sheet'!$D$7:$E$7))>0), "No", "Yes")) | C91: 66031_33881_FTL_TC | D91: US | E91: Customer Outbound | F91: 66031 | G91: NEW CENTURY | H91: KS | I91: 33881 | J91: WINTER HAVEN | K91: FL | L91: 1304 | M91: FTL_TC | N91: Refrigerated | O91: 566 | P91: 142 | Q91: 11.8 | S91: USD | T91: Must
A92: =IF(AND(COUNTBLANK('Bid Sheet'!$R$92:$R$92)=1,COUNTBLANK('Bid Sheet'!$U$92:$U$92)=1,COUNTBLANK('Bid Sheet'!$W$92:$Z$92)=4),"",IF(OR(COUNTBLANK('Bid Sheet'!$R$92:$R$92)>0,COUNTBLANK('Bid Sheet'!$X$92:$X$92)>0, SUM(COUNTBLANK('Bid Sheet'!$D$3:$E$3), COUNTBLANK('Bid Sheet'!$D$4:$E$4), COUNTBLANK('Bid Sheet'!$D$5:$E$5), COUNTBLANK('Bid Sheet'!$D$6:$E$6), COUNTBLANK('Bid Sheet'!$D$7:$E$7))>0), "No", "Yes")) | C92: 66031_34269_FTL_TC | D92: US | E92: Customer Outbound | F92: 66031 | G92: NEW CENTURY | H92: KS | I92: 34269 | J92: ARCADIA | K92: FL | L92: 1385 | M92: FTL_TC | N92: Refrigerated | O92: 590 | P92: 120 | Q92: 10 | S92: USD | T92: Must
A93: =IF(AND(COUNTBLANK('Bid Sheet'!$R$93:$R$93)=1,COUNTBLANK('Bid Sheet'!$U$93:$U$93)=1,COUNTBLANK('Bid Sheet'!$W$93:$Z$93)=4),"",IF(OR(COUNTBLANK('Bid Sheet'!$R$93:$R$93)>0,COUNTBLANK('Bid Sheet'!$X$93:$X$93)>0, SUM(COUNTBLANK('Bid Sheet'!$D$3:$E$3), COUNTBLANK('Bid Sheet'!$D$4:$E$4), COUNTBLANK('Bid Sheet'!$D$5:$E$5), COUNTBLANK('Bid Sheet'!$D$6:$E$6), COUNTBLANK('Bid Sheet'!$D$7:$E$7))>0), "No", "Yes")) | C93: 18202_30549_FTL_TC | D93: US | E93: Customer Outbound | F93: 18202 | G93: HAZLETON | H93: PA | I93: 30549 | J93: JEFFERSON | K93: GA | L93: 737 | M93: FTL_TC | N93: Refrigerated | O93: 358 | P93: 40 | Q93: 3.3 | S93: USD
A94: =IF(AND(COUNTBLANK('Bid Sheet'!$R$94:$R$94)=1,COUNTBLANK('Bid Sheet'!$U$94:$U$94)=1,COUNTBLANK('Bid Sheet'!$W$94:$Z$94)=4),"",IF(OR(COUNTBLANK('Bid Sheet'!$R$94:$R$94)>0,COUNTBLANK('Bid Sheet'!$X$94:$X$94)>0, SUM(COUNTBLANK('Bid Sheet'!$D$3:$E$3), COUNTBLANK('Bid Sheet'!$D$4:$E$4), COUNTBLANK('Bid Sheet'!$D$5:$E$5), COUNTBLANK('Bid Sheet'!$D$6:$E$6), COUNTBLANK('Bid Sheet'!$D$7:$E$7))>0), "No", "Yes")) | C94: 66031_30549_FTL_TC | D94: US | E94: Customer Outbound | F94: 66031 | G94: NEW CENTURY | H94: KS | I94: 30549 | J94: JEFFERSON | K94: GA | L94: 875 | M94: FTL_TC | N94: Refrigerated | O94: 389 | P94: 16 | Q94: 1.3 | S94: USD
A95: =IF(AND(COUNTBLANK('Bid Sheet'!$R$95:$R$95)=1,COUNTBLANK('Bid Sheet'!$U$95:$U$95)=1,COUNTBLANK('Bid Sheet'!$W$95:$Z$95)=4),"",IF(OR(COUNTBLANK('Bid Sheet'!$R$95:$R$95)>0,COUNTBLANK('Bid Sheet'!$X$95:$X$95)>0, SUM(COUNTBLANK('Bid Sheet'!$D$3:$E$3), COUNTBLANK('Bid Sheet'!$D$4:$E$4), COUNTBLANK('Bid Sheet'!$D$5:$E$5), COUNTBLANK('Bid Sheet'!$D$6:$E$6), COUNTBLANK('Bid Sheet'!$D$7:$E$7))>0), "No", "Yes")) | C95: 18202_30316_FTL_TC | D95: US | E95: Customer Outbound | F95: 18202 | G95: HAZLETON | H95: PA | I95: 30316 | J95: ATLANTA | K95: GA | L95: 795 | M95: FTL_TC | N95: Refrigerated | O95: 382 | P95: 26 | Q95: 2.2 | S95: USD
A96: =IF(AND(COUNTBLANK('Bid Sheet'!$R$96:$R$96)=1,COUNTBLANK('Bid Sheet'!$U$96:$U$96)=1,COUNTBLANK('Bid Sheet'!$W$96:$Z$96)=4),"",IF(OR(COUNTBLANK('Bid Sheet'!$R$96:$R$96)>0,COUNTBLANK('Bid Sheet'!$X$96:$X$96)>0, SUM(COUNTBLANK('Bid Sheet'!$D$3:$E$3), COUNTBLANK('Bid Sheet'!$D$4:$E$4), COUNTBLANK('Bid Sheet'!$D$5:$E$5), COUNTBLANK('Bid Sheet'!$D$6:$E$6), COUNTBLANK('Bid Sheet'!$D$7:$E$7))>0), "No", "Yes")) | C96: 66031_30019_FTL_TC | D96: US | E96: Customer Outbound | F96: 66031 | G96: NEW CENTURY | H96: KS | I96: 30019 | J96: DACULA | K96: GA | L96: 860 | M96: FTL_TC | N96: Refrigerated | O96: 379 | P96: 70 | Q96: 5.8 | S96: USD
A97: =IF(AND(COUNTBLANK('Bid Sheet'!$R$97:$R$97)=1,COUNTBLANK('Bid Sheet'!$U$97:$U$97)=1,COUNTBLANK('Bid Sheet'!$W$97:$Z$97)=4),"",IF(OR(COUNTBLANK('Bid Sheet'!$R$97:$R$97)>0,COUNTBLANK('Bid Sheet'!$X$97:$X$97)>0, SUM(COUNTBLANK('Bid Sheet'!$D$3:$E$3), COUNTBLANK('Bid Sheet'!$D$4:$E$4), COUNTBLANK('Bid Sheet'!$D$5:$E$5), COUNTBLANK('Bid Sheet'!$D$6:$E$6), COUNTBLANK('Bid Sheet'!$D$7:$E$7))>0), "No", "Yes")) | C97: 66031_30336_FTL_TC | D97: US | E97: Customer Outbound | F97: 66031 | G97: NEW CENTURY | H97: KS | I97: 30336 | J97: ATLANTA | K97: GA | L97: 827 | M97: FTL_TC | N97: Refrigerated | O97: 368 | P97: 25 | Q97: 2.1 | S97: USD | T97: Must
A98: =IF(AND(COUNTBLANK('Bid Sheet'!$R$98:$R$98)=1,COUNTBLANK('Bid Sheet'!$U$98:$U$98)=1,COUNTBLANK('Bid Sheet'!$W$98:$Z$98)=4),"",IF(OR(COUNTBLANK('Bid Sheet'!$R$98:$R$98)>0,COUNTBLANK('Bid Sheet'!$X$98:$X$98)>0, SUM(COUNTBLANK('Bid Sheet'!$D$3:$E$3), COUNTBLANK('Bid Sheet'!$D$4:$E$4), COUNTBLANK('Bid Sheet'!$D$5:$E$5), COUNTBLANK('Bid Sheet'!$D$6:$E$6), COUNTBLANK('Bid Sheet'!$D$7:$E$7))>0), "No", "Yes")) | C98: 66031_30656_FTL_TC | D98: US | E98: Customer Outbound | F98: 66031 | G98: NEW CENTURY | H98: KS | I98: 30656 | J98: MONROE | K98: GA | L98: 878 | M98: FTL_TC | N98: Refrigerated | O98: 387 | P98: 80 | Q98: 6.7 | S98: USD | T98: Must
A99: =IF(AND(COUNTBLANK('Bid Sheet'!$R$99:$R$99)=1,COUNTBLANK('Bid Sheet'!$U$99:$U$99)=1,COUNTBLANK('Bid Sheet'!$W$99:$Z$99)=4),"",IF(OR(COUNTBLANK('Bid Sheet'!$R$99:$R$99)>0,COUNTBLANK('Bid Sheet'!$X$99:$X$99)>0, SUM(COUNTBLANK('Bid Sheet'!$D$3:$E$3), COUNTBLANK('Bid Sheet'!$D$4:$E$4), COUNTBLANK('Bid Sheet'!$D$5:$E$5), COUNTBLANK('Bid Sheet'!$D$6:$E$6), COUNTBLANK('Bid Sheet'!$D$7:$E$7))>0), "No", "Yes")) | C99: 66031_31820_FTL_TC | D99: US | E99: Customer Outbound | F99: 66031 | G99: NEW CENTURY | H99: KS | I99: 31820 | J99: MIDLAND | K99: GA | L99: 941 | M99: FTL_TC | N99: Refrigerated | O99: 384 | P99: 12 | Q99: 1 | S99: USD
A100: =IF(AND(COUNTBLANK('Bid Sheet'!$R$100:$R$100)=1,COUNTBLANK('Bid Sheet'!$U$100:$U$100)=1,COUNTBLANK('Bid Sheet'!$W$100:$Z$100)=4),"",IF(OR(COUNTBLANK('Bid Sheet'!$R$100:$R$100)>0,COUNTBLANK('Bid Sheet'!$X$100:$X$100)>0, SUM(COUNTBLANK('Bid Sheet'!$D$3:$E$3), COUNTBLANK('Bid Sheet'!$D$4:$E$4), COUNTBLANK('Bid Sheet'!$D$5:$E$5), COUNTBLANK('Bid Sheet'!$D$6:$E$6), COUNTBLANK('Bid Sheet'!$D$7:$E$7))>0), "No", "Yes")) | C100: 66031_50613_FTL_TC | D100: US | E100: Customer Outbound | F100: 66031 | G100: NEW CENTURY | H100: KS | I100: 50613 | J100: CEDAR FALLS | K100: IA | L100: 353 | M100: FTL_TC | N100: Refrigerated | O100: 143 | P100: 18 | Q100: 1.5 | S100: USD
A101: =IF(AND(COUNTBLANK('Bid Sheet'!$R$101:$R$101)=1,COUNTBLANK('Bid Sheet'!$U$101:$U$101)=1,COUNTBLANK('Bid Sheet'!$W$101:$Z$101)=4),"",IF(OR(COUNTBLANK('Bid Sheet'!$R$101:$R$101)>0,COUNTBLANK('Bid Sheet'!$X$101:$X$101)>0, SUM(COUNTBLANK('Bid Sheet'!$D$3:$E$3), COUNTBLANK('Bid Sheet'!$D$4:$E$4), COUNTBLANK('Bid Sheet'!$D$5:$E$5), COUNTBLANK('Bid Sheet'!$D$6:$E$6), COUNTBLANK('Bid Sheet'!$D$7:$E$7))>0), "No", "Yes")) | C101: 66031_83716_FTL_TC | D101: US | E101: Customer Outbound | F101: 66031 | G101: NEW CENTURY | H101: KS | I101: 83716 | J101: BOISE | K101: ID | L101: 1396 | M101: FTL_TC | N101: Refrigerated | O101: 597 | P101: 38 | Q101: 3.2 | S101: USD
A102: =IF(AND(COUNTBLANK('Bid Sheet'!$R$102:$R$102)=1,COUNTBLANK('Bid Sheet'!$U$102:$U$102)=1,COUNTBLANK('Bid Sheet'!$W$102:$Z$102)=4),"",IF(OR(COUNTBLANK('Bid Sheet'!$R$102:$R$102)>0,COUNTBLANK('Bid Sheet'!$X$102:$X$102)>0, SUM(COUNTBLANK('Bid Sheet'!$D$3:$E$3), COUNTBLANK('Bid Sheet'!$D$4:$E$4), COUNTBLANK('Bid Sheet'!$D$5:$E$5), COUNTBLANK('Bid Sheet'!$D$6:$E$6), COUNTBLANK('Bid Sheet'!$D$7:$E$7))>0), "No", "Yes")) | C102: 66031_60160_FTL_TC | D102: US | E102: Customer Outbound | F102: 66031 | G102: NEW CENTURY | H102: KS | I102: 60160 | J102: MELROSE PARK | K102: IL | L102: 553 | M102: FTL_TC | N102: Refrigerated | O102: 234 | P102: 50 | Q102: 4.2 | S102: USD
...
